IN,1,2,2130012623453958,2130012624081750,0,1
IN,2,2,2130012631216833,2130012631571541,0,2
IN,3,2,2130012632128333,0,0,3
IN,4,1,2130012632470458,0,0,4
IN,5,2,2130012633074250,0,0,5
IN,6,2,2130012633553416,0,0,6
IN,7,0,2130012634164875,0,0,7
IN,8,2,2130012634631000,0,0,8
IN,9,2,2130012635148583,0,0,9
IN,10,0,2130012635938791,0,0,10
IN,11,2,2130012636282458,0,0,11
IN,12,2,2130012636714333,0,0,12
IN,13,1,2130012637077416,0,0,13
IN,14,2,2130012637548166,0,0,14
IN,15,2,2130012638121541,0,0,15
IN,16,1,2130012638470333,0,0,16
IN,17,1,2130012638756916,0,0,17
IN,18,2,2130012639145416,0,0,18
IN,19,2,2130012639477791,0,0,19
IN,20,2,2130012639862708,0,0,20
IN,21,1,2130012640295500,0,0,21
IN,22,1,2130012640677333,0,0,22
IN,23,2,2130012641131708,0,0,23
IN,24,2,2130012641680125,0,0,24
IN,25,2,2130012642119416,0,0,25
IN,26,2,2130012642568375,0,0,26
IN,27,2,2130012643093791,0,0,27
IN,28,2,2130012643543791,0,0,28
IN,29,0,2130012643815250,0,0,29
IN,30,2,2130012644185750,0,0,30
IN,31,2,2130012644536666,0,0,31
IN,32,2,2130012644811791,0,0,32
IN,33,2,2130012645154125,0,0,33
IN,34,2,2130012645379333,0,0,34
IN,35,2,2130012645907791,0,0,35
IN,36,2,2130012646116958,0,0,36
IN,37,0,2130012646468958,0,0,37
IN,38,2,2130012646827708,0,0,38
IN,39,2,2130012647068875,0,0,39
IN,40,2,2130012647296916,0,0,40
IN,41,2,2130012647685166,0,1,41
IN,42,2,2130012648391458,0,1,42
IN,43,2,2130012648573541,0,1,43
IN,44,2,2130012648784291,0,1,44
IN,45,1,2130012649228125,0,0,45
IN,46,2,2130012649836916,0,1,46
IN,47,2,2130012650334750,0,1,47
IN,48,2,2130012650730791,0,1,48
IN,49,2,2130012651005208,0,1,49
IN,50,2,2130012651394250,0,1,50
IN,51,2,2130012651856333,0,1,51
IN,52,2,2130012652020333,0,1,52
IN,53,2,2130012652392541,0,1,53
IN,54,2,2130012652852041,0,1,54
IN,55,2,2130012653376666,0,1,55
IN,56,1,2130012653961458,0,0,56
IN,57,1,2130012654549458,0,0,57
IN,58,2,2130012655070750,0,1,58
IN,59,2,2130012655276958,0,1,59
IN,60,2,2130012655817416,0,1,60
IN,61,2,2130012656014291,0,1,61
IN,62,2,2130012656636416,0,1,62
IN,63,2,2130012657136541,0,1,63
IN,64,2,2130012657599875,0,1,64
IN,65,2,2130012658038708,0,1,65
IN,66,2,2130012658749208,0,1,66
IN,67,2,2130012659270083,0,1,67
IN,68,2,2130012660027458,0,1,68
IN,69,2,2130012661379500,0,1,69
IN,70,2,2130012661672000,0,1,70
IN,71,2,2130012662497375,0,1,71
IN,72,2,2130012662922541,0,1,72
IN,73,2,2130012663410750,0,1,73
IN,74,2,2130012663985666,0,1,74
IN,75,2,2130012664297750,0,1,75
IN,76,2,2130012664617000,0,1,76
IN,77,2,2130012664763333,0,1,77
IN,78,0,2130012665159625,0,0,78
IN,79,2,2130012665609833,0,1,79
IN,80,2,2130012665943958,0,1,80
IN,81,2,2130012666098500,0,1,81
IN,82,2,2130012666466375,0,1,82
IN,83,0,2130012666618125,0,0,83
IN,84,2,2130012666758916,0,1,84
IN,85,2,2130012667264333,0,1,85
IN,86,1,2130012667787041,0,0,86
IN,87,2,2130012668183708,0,1,87
IN,88,2,2130012668779208,0,1,88
IN,89,2,2130012668968291,0,1,89
IN,90,2,2130012669121000,0,1,90
IN,91,2,2130012669271000,0,1,91
IN,92,2,2130012669394666,0,1,92
IN,93,0,2130012669532458,0,0,93
IN,94,1,2130012669657583,0,0,94
IN,95,2,2130012669810000,0,1,95
IN,96,2,2130012670313458,0,1,96
IN,97,2,2130012670829958,0,1,97
IN,98,2,2130012671200000,0,1,98
IN,99,0,2130012671736166,0,0,99
IN,100,1,2130012672855125,0,0,100
IN,101,2,2130012673026791,0,1,101
IN,102,2,2130012673305208,0,1,102
IN,103,2,2130012673547208,0,1,103
IN,104,2,2130012673733041,0,1,104
IN,105,2,2130012674127625,0,1,105
IN,106,2,2130012674493375,0,1,106
IN,107,2,2130012675117166,0,1,107
IN,108,2,2130012675414458,0,1,108
IN,109,2,2130012675994375,0,1,109
IN,110,2,2130012676419041,0,1,110
IN,111,0,2130012676611541,0,0,111
IN,112,2,2130012677508416,0,1,112
IN,113,2,2130012678042083,0,1,113
IN,114,2,2130012678199083,0,1,114
IN,115,2,2130012678412791,0,1,115
IN,116,2,2130012678732333,0,1,116
IN,117,2,2130012678981791,0,1,117
IN,118,2,2130012679197250,0,1,118
IN,119,2,2130012679485541,0,1,119
IN,120,2,2130012679753625,0,1,120
IN,121,2,2130012679972583,0,1,121
IN,122,2,2130012680242416,0,1,122
IN,123,2,2130012680776583,0,1,123
IN,124,0,2130012681309583,0,0,124
IN,125,2,2130012681569708,0,1,125
IN,126,2,2130012681971750,0,1,126
IN,127,2,2130012682466208,0,1,127
IN,128,2,2130012683035708,0,1,128
IN,129,2,2130012683235208,0,1,129
IN,130,2,2130012683593125,0,1,130
IN,131,2,2130012683995375,0,1,131
IN,132,2,2130012684928916,0,1,132
IN,133,2,2130012685086125,0,1,133
IN,134,2,2130012685605291,0,1,134
IN,135,2,2130012686244416,0,1,135
IN,136,2,2130012686525791,0,1,136
IN,137,2,2130012686735583,0,1,137
IN,138,2,2130012686853291,0,1,138
IN,139,2,2130012687243250,0,1,139
IN,140,2,2130012687493583,0,1,140
IN,141,2,2130012688047416,0,1,141
IN,142,2,2130012688204291,0,1,142
IN,143,2,2130012688458458,0,1,143
IN,144,2,2130012688590041,0,1,144
IN,145,2,2130012688792375,0,1,145
IN,146,2,2130012689032958,0,1,146
IN,147,0,2130012689262916,0,0,147
IN,148,2,2130012689506833,0,1,148
IN,149,2,2130012690171875,0,1,149
IN,150,2,2130012690604125,0,1,150
IN,151,2,2130012691148250,0,1,151
IN,152,2,2130012691507375,0,1,152
IN,153,2,2130012692189541,0,1,153
IN,154,2,2130012692706708,0,1,154
IN,155,2,2130012693122375,0,1,155
IN,156,0,2130012693866625,0,0,156
IN,157,1,2130012694295958,0,0,157
IN,158,0,2130012694743958,0,0,158
IN,159,2,2130012694946666,0,1,159
IN,160,2,2130012695072416,0,1,160
IN,161,2,2130012695444708,0,1,161
IN,162,2,2130012696574083,0,1,162
IN,163,0,2130012697065375,0,0,163
IN,164,2,2130012697340916,0,1,164
IN,165,2,2130012697664000,0,1,165
IN,166,2,2130012697887791,0,1,166
IN,167,2,2130012698540375,0,1,167
IN,168,2,2130012699172833,0,1,168
IN,169,2,2130012699560666,0,1,169
IN,170,2,2130012699915041,0,1,170
IN,171,0,2130012700349416,0,0,171
IN,172,2,2130012700558208,0,1,172
IN,173,2,2130012700855291,0,1,173
IN,174,2,2130012701489458,0,1,174
IN,175,2,2130012701866000,0,1,175
IN,176,2,2130012702573958,0,1,176
IN,177,2,2130012702913208,0,1,177
IN,178,1,2130012703058250,0,0,178
IN,179,2,2130012704606875,0,1,179
IN,180,2,2130012704976750,0,1,180
IN,181,2,2130012705479708,0,1,181
IN,182,2,2130012706062958,0,1,182
IN,183,2,2130012706250958,0,1,183
IN,184,2,2130012706421791,0,1,184
IN,185,2,2130012706844500,0,1,185
IN,186,2,2130012707015208,0,1,186
IN,187,1,2130012707167750,0,0,187
IN,188,2,2130012707302208,0,1,188
IN,189,2,2130012707763833,0,1,189
IN,190,2,2130012708140666,0,1,190
IN,191,2,2130012708746583,0,1,191
IN,192,1,2130012708966791,0,0,192
IN,193,2,2130012709317958,0,1,193
IN,194,2,2130012709621833,0,1,194
IN,195,2,2130012710414666,0,1,195
IN,196,2,2130012711155125,0,1,196
IN,197,2,2130012711348875,0,1,197
IN,198,2,2130012711592666,0,1,198
IN,199,2,2130012711703458,0,1,199
IN,200,2,2130012711931750,0,1,200
IN,201,2,2130012712251541,0,1,201
IN,202,2,2130012712690583,0,1,202
IN,203,1,2130012713210291,0,0,203
IN,204,2,2130012713392083,0,1,204
IN,205,2,2130012713635500,0,1,205
IN,206,2,2130012713772208,0,1,206
IN,207,0,2130012714141833,0,0,207
IN,208,2,2130012714550916,0,1,208
IN,209,2,2130012714911708,0,1,209
IN,210,0,2130012715137875,0,0,210
IN,211,2,2130012715394208,0,1,211
IN,212,2,2130012715745500,0,1,212
IN,213,2,2130012716086166,0,1,213
IN,214,2,2130012716386875,0,1,214
IN,215,2,2130012716581333,0,1,215
IN,216,2,2130012716683583,0,1,216
IN,217,2,2130012717276041,0,1,217
IN,218,2,2130012717616041,0,1,218
IN,219,2,2130012717728541,0,1,219
IN,220,2,2130012718033166,0,1,220
IN,221,2,2130012718371416,0,1,221
IN,222,0,2130012718791291,0,0,222
IN,223,2,2130012719172208,0,1,223
IN,224,2,2130012719875250,0,1,224
IN,225,2,2130012720172333,0,1,225
IN,226,1,2130012720576875,0,0,226
IN,227,2,2130012721034041,0,2,227
IN,228,2,2130012721087916,0,2,228
IN,229,2,2130012721135916,0,2,229
IN,230,2,2130012721427458,0,2,230
IN,231,0,2130012721726125,0,0,231
IN,232,2,2130012722095083,0,2,232
IN,233,2,2130012722344875,0,2,233
IN,234,2,2130012722395916,0,2,234
IN,235,2,2130012722549166,0,2,235
IN,236,2,2130012722826875,0,2,236
IN,237,2,2130012723094500,0,2,237
IN,238,2,2130012723229833,0,2,238
IN,239,2,2130012723532625,0,2,239
IN,240,2,2130012723588125,0,2,240
IN,241,2,2130012723636500,0,2,241
IN,242,2,2130012723829333,0,2,242
IN,243,2,2130012723980083,0,2,243
IN,244,2,2130012724077750,0,2,244
IN,245,2,2130012724117541,0,2,245
IN,246,2,2130012724378041,0,2,246
IN,247,2,2130012724473958,0,2,247
IN,248,2,2130012724556416,0,2,248
IN,249,1,2130012724764958,0,0,249
IN,250,2,2130012725307958,0,2,250
IN,251,1,2130012725472166,0,0,251
IN,252,2,2130012725993208,0,2,252
IN,253,2,2130012726079625,0,2,253
IN,254,2,2130012726406500,0,2,254
IN,255,2,2130012726653125,0,2,255
IN,256,2,2130012726803708,0,2,256
IN,257,2,2130012726849125,0,2,257
IN,258,2,2130012727013375,0,2,258
IN,259,2,2130012727052291,0,2,259
IN,260,2,2130012727108708,0,2,260
IN,261,1,2130012727283041,0,0,261
IN,262,1,2130012727531625,0,0,262
IN,263,2,2130012727738458,0,2,263
IN,264,2,2130012727854625,0,2,264
IN,265,2,2130012728007083,0,2,265
IN,266,1,2130012728145208,0,0,266
IN,267,2,2130012728249625,0,2,267
IN,268,2,2130012728440000,0,2,268
IN,269,2,2130012728515166,0,2,269
IN,270,2,2130012728551791,0,2,270
IN,271,2,2130012728618875,0,2,271
IN,272,1,2130012729954000,0,0,272
IN,273,1,2130012730075708,0,0,273
IN,274,2,2130012730170791,0,2,274
IN,275,2,2130012730283750,0,2,275
IN,276,2,2130012730310333,0,2,276
IN,277,2,2130012730398875,0,2,277
IN,278,2,2130012730434500,0,2,278
IN,279,2,2130012730468375,0,2,279
IN,280,0,2130012730496958,0,0,280
IN,281,2,2130012730582458,0,2,281
IN,282,2,2130012730698333,0,2,282
IN,283,2,2130012730876041,0,2,283
IN,284,1,2130012731093166,0,0,284
IN,285,2,2130012731202750,0,2,285
IN,286,2,2130012731402833,0,2,286
IN,287,1,2130012731626500,0,0,287
IN,288,2,2130012731806000,0,2,288
IN,289,2,2130012732125250,0,2,289
IN,290,1,2130012732297083,0,0,290
IN,291,2,2130012732529958,0,2,291
IN,292,2,2130012732586625,0,2,292
IN,293,2,2130012732660541,0,2,293
IN,294,2,2130012732736125,0,2,294
IN,295,2,2130012732929166,0,2,295
IN,296,2,2130012733053791,0,2,296
IN,297,2,2130012733085916,0,2,297
IN,298,2,2130012733177166,0,2,298
IN,299,1,2130012733292166,0,0,299
IN,300,2,2130012733379041,0,2,300
IN,301,2,2130012733482958,0,2,301
IN,302,1,2130012733641083,0,0,302
IN,303,2,2130012733723333,0,2,303
IN,304,2,2130012733884208,0,2,304
IN,305,0,2130012734030541,0,0,305
IN,306,2,2130012734423958,0,2,306
IN,307,2,2130012734477958,0,2,307
IN,308,2,2130012734689875,0,2,308
IN,309,2,2130012735178291,0,2,309
IN,310,2,2130012735221208,0,2,310
IN,311,2,2130012735258125,0,2,311
IN,312,2,2130012735437916,0,2,312
IN,313,0,2130012735883083,0,0,313
IN,314,2,2130012736356458,0,2,314
IN,315,0,2130012736485916,0,0,315
IN,316,2,2130012736580166,0,2,316
IN,317,2,2130012736613791,0,2,317
IN,318,1,2130012736713625,0,1,318
IN,319,1,2130012736821083,0,1,319
IN,320,1,2130012736906833,0,1,320
IN,321,2,2130012737393583,0,2,321
IN,322,1,2130012737491416,0,1,322
IN,323,2,2130012737598708,0,2,323
IN,324,2,2130012737805166,0,2,324
IN,325,2,2130012737853458,0,2,325
IN,326,2,2130012737991666,0,2,326
IN,327,1,2130012738040708,0,1,327
IN,328,1,2130012738138125,0,1,328
IN,329,2,2130012738214375,0,2,329
IN,330,2,2130012738354583,0,2,330
IN,331,1,2130012738399083,0,1,331
IN,332,2,2130012738489916,0,2,332
IN,333,2,2130012738632291,0,2,333
IN,334,2,2130012738675750,0,2,334
IN,335,2,2130012738832833,0,2,335
IN,336,0,2130012738957625,0,0,336
IN,337,1,2130012739047291,0,1,337
IN,338,2,2130012739120500,0,2,338
IN,339,1,2130012739223166,0,1,339
IN,340,2,2130012739323416,0,2,340
IN,341,2,2130012739576458,0,2,341
IN,342,2,2130012739749541,0,2,342
IN,343,2,2130012739810416,0,2,343
IN,344,2,2130012739844625,0,2,344
IN,345,2,2130012739872666,0,2,345
IN,346,2,2130012739909541,0,2,346
IN,347,2,2130012739954375,0,2,347
IN,348,2,2130012740138083,0,2,348
IN,349,2,2130012740319541,0,2,349
IN,350,2,2130012740444791,0,2,350
IN,351,1,2130012740472875,0,1,351
IN,352,2,2130012740590208,0,2,352
IN,353,2,2130012740619083,0,2,353
IN,354,2,2130012740686333,0,2,354
IN,355,2,2130012740880208,0,2,355
IN,356,0,2130012741100125,0,0,356
IN,357,0,2130012741771458,0,0,357
IN,358,2,2130012742050208,0,2,358
IN,359,2,2130012742313208,0,2,359
IN,360,2,2130012742361416,0,2,360
IN,361,2,2130012742436625,0,2,361
IN,362,2,2130012743378291,0,2,362
IN,363,1,2130012743647125,0,1,363
IN,364,2,2130012743961416,0,2,364
IN,365,2,2130012744128750,0,2,365
IN,366,2,2130012744560708,0,2,366
IN,367,1,2130012744597208,0,1,367
IN,368,1,2130012744830875,0,1,368
IN,369,2,2130012744907541,0,2,369
IN,370,2,2130012744939166,0,2,370
IN,371,2,2130012744970125,0,2,371
IN,372,2,2130012745019125,0,2,372
IN,373,2,2130012745074833,0,2,373
IN,374,2,2130012745108708,0,2,374
IN,375,0,2130012745151000,0,0,375
IN,376,2,2130012745328500,0,2,376
IN,377,1,2130012745362583,0,1,377
IN,378,2,2130012745451375,0,2,378
IN,379,2,2130012745504958,0,2,379
IN,380,2,2130012745672416,0,2,380
IN,381,2,2130012745721750,0,2,381
IN,382,2,2130012745753375,0,2,382
IN,383,2,2130012745785666,0,2,383
IN,384,2,2130012745816958,0,2,384
IN,385,0,2130012745970583,0,0,385
IN,386,2,2130012746269708,0,2,386
IN,387,2,2130012746433083,0,2,387
IN,388,2,2130012746465833,0,2,388
IN,389,2,2130012746496458,0,2,389
IN,390,2,2130012746524041,0,2,390
IN,391,2,2130012746554916,0,2,391
IN,392,2,2130012746603125,0,2,392
IN,393,2,2130012746652041,0,2,393
IN,394,2,2130012746776791,0,2,394
IN,395,0,2130012746803708,0,0,395
IN,396,2,2130012747065083,0,2,396
IN,397,2,2130012747261708,0,2,397
IN,398,2,2130012747576916,0,2,398
IN,399,2,2130012747633708,0,2,399
IN,400,2,2130012747682875,0,2,400
IN,401,2,2130012747715333,0,2,401
IN,402,1,2130012747749041,0,1,402
IN,403,2,2130012747886833,0,2,403
IN,404,2,2130012748025708,0,2,404
IN,405,2,2130012748157583,0,2,405
IN,406,2,2130012748309458,0,2,406
IN,407,0,2130012748834708,0,0,407
IN,408,2,2130012749031333,0,2,408
IN,409,2,2130012749063333,0,2,409
IN,410,2,2130012749093958,0,2,410
IN,411,2,2130012749139750,0,2,411
IN,412,0,2130012749167458,0,1,412
IN,413,2,2130012749373958,0,2,413
IN,414,1,2130012749436291,0,1,414
IN,415,2,2130012749513250,0,2,415
IN,416,2,2130012749608958,0,2,416
IN,417,2,2130012749638083,0,2,417
IN,418,2,2130012749667375,0,2,418
IN,419,0,2130012749697375,0,1,419
IN,420,2,2130012749779625,0,2,420
IN,421,2,2130012749809500,0,2,421
IN,422,2,2130012749839833,0,2,422
IN,423,2,2130012749871083,0,2,423
IN,424,2,2130012749899625,0,2,424
IN,425,2,2130012749928208,0,2,425
IN,426,2,2130012749956750,0,2,426
IN,427,2,2130012749982458,0,2,427
IN,428,2,2130012750010458,0,2,428
IN,429,2,2130012750039583,0,2,429
IN,430,2,2130012750068583,0,2,430
IN,431,2,2130012750358500,0,2,431
IN,432,2,2130012750395958,0,2,432
IN,433,2,2130012750425500,0,2,433
IN,434,2,2130012750453333,0,2,434
IN,435,0,2130012751013083,0,1,435
IN,436,2,2130012751354833,0,2,436
IN,437,2,2130012751402541,0,2,437
IN,438,2,2130012751430416,0,2,438
IN,439,2,2130012751459916,0,2,439
IN,440,2,2130012751487333,0,2,440
IN,441,2,2130012751515208,0,2,441
IN,442,2,2130012751691333,0,2,442
IN,443,2,2130012751852333,0,2,443
IN,444,2,2130012751879583,0,2,444
IN,445,2,2130012751907458,0,2,445
IN,446,0,2130012751935291,0,1,446
IN,447,0,2130012752236000,0,1,447
IN,448,0,2130012752664083,0,1,448
IN,449,2,2130012752761250,0,2,449
IN,450,2,2130012752798708,0,2,450
IN,451,2,2130012752829375,0,2,451
IN,452,0,2130012752862416,0,1,452
IN,453,2,2130012752934916,0,2,453
IN,454,2,2130012752964333,0,2,454
IN,455,2,2130012752995041,0,2,455
IN,456,2,2130012753025583,0,2,456
IN,457,2,2130012753053625,0,2,457
IN,458,2,2130012753083625,0,2,458
IN,459,2,2130012753113416,0,2,459
IN,460,2,2130012753146708,0,2,460
IN,461,2,2130012753175083,0,2,461
IN,462,2,2130012753203583,0,2,462
IN,463,2,2130012753233250,0,2,463
IN,464,2,2130012753281666,0,2,464
IN,465,2,2130012753586416,0,2,465
IN,466,2,2130012753626916,0,2,466
IN,467,1,2130012753661791,0,1,467
IN,468,2,2130012753736208,0,2,468
IN,469,2,2130012754088291,0,2,469
IN,470,2,2130012754120375,0,2,470
IN,471,1,2130012754151000,0,1,471
IN,472,2,2130012754431458,0,2,472
IN,473,2,2130012754675916,0,2,473
IN,474,2,2130012754930041,0,2,474
IN,475,2,2130012755525833,0,2,475
IN,476,2,2130012755649375,0,2,476
IN,477,1,2130012755685541,0,1,477
IN,478,2,2130012755766375,0,2,478
IN,479,2,2130012755808750,0,2,479
IN,480,0,2130012755950916,0,1,480
IN,481,2,2130012756105541,0,2,481
IN,482,2,2130012756177125,0,2,482
IN,483,2,2130012756214416,0,2,483
IN,484,2,2130012756334583,0,2,484
IN,485,1,2130012756377333,0,1,485
IN,486,2,2130012756468166,0,2,486
IN,487,2,2130012756801250,0,2,487
IN,488,2,2130012756964541,0,2,488
IN,489,2,2130012757044583,0,2,489
IN,490,2,2130012757096916,0,2,490
IN,491,0,2130012757291333,0,1,491
IN,492,2,2130012757378250,0,2,492
IN,493,0,2130012757470250,0,1,493
IN,494,2,2130012757553208,0,2,494
IN,495,2,2130012757814833,0,2,495
IN,496,2,2130012757845041,0,2,496
IN,497,2,2130012757876708,0,2,497
IN,498,2,2130012757907208,0,2,498
IN,499,2,2130012757938916,0,2,499
IN,500,2,2130012757969375,0,2,500
OUT,1,2,2130012623453958,2130012624081750,0,1
OUT,7,2,2130012631216833,2130012631571541,0,2
OUT,30,2,2130012632128333,2130012632634458,0,3
OUT,31,1,2130012632470458,2130012633207333,0,4
OUT,32,2,2130012633074250,2130012633722166,0,5
OUT,33,2,2130012633553416,2130012634321666,0,6
OUT,34,0,2130012634164875,2130012635139708,0,7
OUT,35,2,2130012634631000,2130012635958333,0,8
OUT,36,2,2130012635148583,2130012636405458,0,9
OUT,37,0,2130012635938791,2130012636844333,0,10
OUT,38,2,2130012636282458,2130012637277708,0,11
OUT,39,2,2130012636714333,2130012637832708,0,12
OUT,40,1,2130012637077416,2130012638243500,0,13
OUT,41,2,2130012637548166,2130012638868083,0,14
OUT,42,2,2130012638121541,2130012639267541,0,15
OUT,43,1,2130012638470333,2130012639661750,0,16
OUT,44,1,2130012638756916,2130012640370500,0,17
OUT,45,2,2130012639145416,2130012640803833,0,18
OUT,46,2,2130012639477791,2130012641209250,0,19
OUT,47,2,2130012639862708,2130012641667083,0,20
OUT,48,1,2130012640295500,2130012642152083,0,21
OUT,49,1,2130012640677333,2130012642803791,0,22
OUT,50,2,2130012641131708,2130012643154916,0,23
OUT,51,2,2130012641680125,2130012643541583,0,24
OUT,52,2,2130012642119416,2130012643904375,0,25
OUT,53,2,2130012642568375,2130012644282333,0,26
OUT,54,2,2130012643093791,2130012644636541,0,27
OUT,55,2,2130012643543791,2130012644965041,0,28
OUT,56,0,2130012643815250,2130012645498750,0,29
OUT,57,2,2130012644185750,2130012645859375,0,30
OUT,58,2,2130012644536666,2130012646561250,0,31
OUT,59,2,2130012644811791,2130012646883750,0,32
OUT,60,2,2130012645154125,2130012647400833,0,33
OUT,61,2,2130012645379333,2130012647750041,0,34
OUT,62,2,2130012645907791,2130012648908916,0,35
OUT,63,2,2130012647685166,2130012649344958,1,41
OUT,64,2,2130012646116958,2130012649718708,0,36
OUT,65,0,2130012646468958,2130012650391791,0,37
OUT,66,2,2130012646827708,2130012650739041,0,38
OUT,67,2,2130012647068875,2130012651091833,0,39
OUT,68,2,2130012648391458,2130012651474166,1,42
OUT,69,2,2130012647296916,2130012651833625,0,40
OUT,70,1,2130012649228125,2130012652220791,0,45
OUT,71,2,2130012648573541,2130012652555541,1,43
OUT,72,2,2130012648784291,2130012653038583,1,44
OUT,73,2,2130012649836916,2130012653343333,1,46
OUT,74,2,2130012650334750,2130012653576291,1,47
OUT,75,2,2130012650730791,2130012653887416,1,48
OUT,76,2,2130012651005208,2130012654135708,1,49
OUT,77,1,2130012653961458,2130012654477708,0,56
OUT,78,2,2130012651394250,2130012654698625,1,50
OUT,79,1,2130012654549458,2130012655092166,0,57
OUT,80,2,2130012651856333,2130012655473041,1,51
OUT,81,2,2130012652020333,2130012655783541,1,52
OUT,82,2,2130012652392541,2130012656643000,1,53
OUT,83,2,2130012652852041,2130012656896250,1,54
OUT,84,2,2130012653376666,2130012657437791,1,55
OUT,85,2,2130012655070750,2130012658318166,1,58
OUT,86,2,2130012655276958,2130012658872166,1,59
OUT,87,2,2130012655817416,2130012659614666,1,60
OUT,88,2,2130012656014291,2130012660235541,1,61
OUT,89,2,2130012656636416,2130012661483000,1,62
OUT,90,2,2130012657136541,2130012661985791,1,63
OUT,91,2,2130012657599875,2130012662484916,1,64
OUT,92,2,2130012658038708,2130012663043458,1,65
OUT,93,2,2130012658749208,2130012663494291,1,66
OUT,94,2,2130012659270083,2130012664114291,1,67
OUT,95,2,2130012660027458,2130012664952916,1,68
OUT,96,2,2130012661379500,2130012665420166,1,69
OUT,97,0,2130012665159625,2130012665898500,0,78
OUT,98,2,2130012661672000,2130012666429708,1,70
OUT,99,0,2130012666618125,2130012668690166,0,83
OUT,100,1,2130012667787041,2130012670400750,0,86
OUT,101,0,2130012669532458,2130012671617458,0,93
OUT,102,1,2130012669657583,2130012671953625,0,94
OUT,103,2,2130012662497375,2130012672750833,1,71
OUT,104,0,2130012671736166,2130012674262791,0,99
OUT,105,1,2130012672855125,2130012675139750,0,100
OUT,106,2,2130012662922541,2130012676051250,1,72
OUT,107,0,2130012676611541,2130012676993583,0,111
OUT,108,2,2130012663410750,2130012677566958,1,73
OUT,109,2,2130012663985666,2130012678221750,1,74
OUT,110,2,2130012664297750,2130012678572708,1,75
OUT,111,2,2130012664617000,2130012679067166,1,76
OUT,112,2,2130012664763333,2130012679440833,1,77
OUT,113,2,2130012665609833,2130012679823416,1,79
OUT,114,2,2130012665943958,2130012680316875,1,80
OUT,115,2,2130012666098500,2130012680722708,1,81
OUT,116,2,2130012666466375,2130012681388583,1,82
OUT,117,0,2130012681309583,2130012681860541,0,124
OUT,118,2,2130012666758916,2130012682567250,1,84
OUT,119,2,2130012667264333,2130012682893166,1,85
OUT,120,2,2130012668183708,2130012683485000,1,87
OUT,121,2,2130012668779208,2130012684279166,1,88
OUT,122,2,2130012668968291,2130012684939916,1,89
OUT,123,2,2130012669121000,2130012685701000,1,90
OUT,124,2,2130012669271000,2130012686601708,1,91
OUT,125,2,2130012669394666,2130012687285750,1,92
OUT,126,2,2130012669810000,2130012687732750,1,95
OUT,127,2,2130012670313458,2130012688654500,1,96
OUT,128,2,2130012670829958,2130012689116458,1,97
OUT,129,0,2130012689262916,2130012689719875,0,147
OUT,130,2,2130012671200000,2130012690144208,1,98
OUT,131,2,2130012673026791,2130012690773916,1,101
OUT,132,2,2130012673305208,2130012691600750,1,102
OUT,133,2,2130012673547208,2130012692288333,1,103
OUT,134,2,2130012673733041,2130012692780750,1,104
OUT,135,2,2130012674127625,2130012693307583,1,105
OUT,136,2,2130012674493375,2130012693761333,1,106
OUT,137,0,2130012693866625,2130012694808250,0,156
OUT,138,2,2130012675117166,2130012695492208,1,107
OUT,139,1,2130012694295958,2130012696713333,0,157
OUT,140,0,2130012694743958,2130012697161416,0,158
OUT,141,0,2130012697065375,2130012697690125,0,163
OUT,142,2,2130012675414458,2130012698135333,1,108
OUT,143,2,2130012675994375,2130012698538125,1,109
OUT,144,2,2130012676419041,2130012698675958,1,110
OUT,145,2,2130012677508416,2130012699089458,1,112
OUT,146,2,2130012678042083,2130012699409083,1,113
OUT,147,2,2130012678199083,2130012699828083,1,114
OUT,148,2,2130012678412791,2130012700400625,1,115
OUT,149,0,2130012700349416,2130012700804125,0,171
OUT,150,2,2130012678732333,2130012701329000,1,116
OUT,151,2,2130012678981791,2130012702145041,1,117
OUT,152,2,2130012679197250,2130012702635083,1,118
OUT,153,2,2130012679485541,2130012704161958,1,119
OUT,154,1,2130012703058250,2130012704623375,0,178
OUT,155,2,2130012679753625,2130012705234583,1,120
OUT,156,2,2130012679972583,2130012705607541,1,121
OUT,157,2,2130012680242416,2130012706115125,1,122
OUT,158,2,2130012680776583,2130012706664958,1,123
OUT,159,2,2130012681569708,2130012706867791,1,125
OUT,160,1,2130012707167750,2130012707666000,0,187
OUT,161,2,2130012681971750,2130012708334083,1,126
OUT,162,2,2130012682466208,2130012708819875,1,127
OUT,163,2,2130012683035708,2130012709168625,1,128
OUT,164,1,2130012708966791,2130012709593000,0,192
OUT,165,2,2130012683235208,2130012710437791,1,129
OUT,166,2,2130012683593125,2130012711220708,1,130
OUT,167,2,2130012683995375,2130012711791083,1,131
OUT,168,2,2130012684928916,2130012712329625,1,132
OUT,169,2,2130012685086125,2130012712755708,1,133
OUT,170,2,2130012685605291,2130012713245250,1,134
OUT,171,1,2130012713210291,2130012713585458,0,203
OUT,172,2,2130012686244416,2130012714218458,1,135
OUT,173,2,2130012686525791,2130012714591083,1,136
OUT,174,0,2130012714141833,2130012714985958,0,207
OUT,175,2,2130012686735583,2130012715272625,1,137
OUT,176,0,2130012715137875,2130012715673833,0,210
OUT,177,2,2130012686853291,2130012716263958,1,138
OUT,178,2,2130012687243250,2130012716869125,1,139
OUT,179,2,2130012687493583,2130012717143916,1,140
OUT,180,2,2130012688047416,2130012717798958,1,141
OUT,181,2,2130012688204291,2130012718410083,1,142
OUT,182,2,2130012688458458,2130012718841750,1,143
OUT,183,2,2130012688590041,2130012719436000,1,144
OUT,184,0,2130012718791291,2130012719769666,0,222
OUT,185,2,2130012688792375,2130012720689500,1,145
OUT,186,1,2130012720576875,2130012721125791,0,226
OUT,187,2,2130012689032958,2130012721404583,1,146
OUT,188,2,2130012689506833,2130012721591541,1,148
OUT,189,2,2130012690171875,2130012721695750,1,149
OUT,190,2,2130012690604125,2130012721950958,1,150
OUT,191,0,2130012721726125,2130012722423416,0,231
OUT,192,2,2130012691148250,2130012722738333,1,151
OUT,193,2,2130012691507375,2130012723183541,1,152
OUT,194,2,2130012692189541,2130012723745666,1,153
OUT,195,2,2130012692706708,2130012723984208,1,154
OUT,196,2,2130012693122375,2130012724487083,1,155
OUT,197,2,2130012694946666,2130012724720416,1,159
OUT,198,2,2130012695072416,2130012725543416,1,160
OUT,199,1,2130012724764958,2130012726003416,0,249
OUT,200,1,2130012725472166,2130012726401291,0,251
OUT,201,2,2130012695444708,2130012726559333,1,161
OUT,202,2,2130012696574083,2130012726751833,1,162
OUT,203,2,2130012697340916,2130012726983500,1,164
OUT,204,2,2130012697664000,2130012727225000,1,165
OUT,205,2,2130012697887791,2130012727409708,1,166
OUT,206,1,2130012727283041,2130012727703083,0,261
OUT,207,1,2130012727531625,2130012727838291,0,262
OUT,208,2,2130012698540375,2130012727964791,1,167
OUT,209,2,2130012699172833,2130012728111000,1,168
OUT,210,1,2130012728145208,2130012728400416,0,266
OUT,211,2,2130012699560666,2130012728534333,1,169
OUT,212,2,2130012699915041,2130012728635875,1,170
OUT,213,2,2130012700558208,2130012730368833,1,172
OUT,214,1,2130012729954000,2130012730685916,0,272
OUT,215,1,2130012730075708,2130012730819458,0,273
OUT,216,0,2130012730496958,2130012730979500,0,280
OUT,217,2,2130012700855291,2130012731078083,1,173
OUT,218,2,2130012701489458,2130012731340875,1,174
OUT,219,1,2130012731093166,2130012731508208,0,284
OUT,220,2,2130012701866000,2130012731703041,1,175
OUT,221,1,2130012731626500,2130012732088250,0,287
OUT,222,2,2130012702573958,2130012732277750,1,176
OUT,223,2,2130012702913208,2130012732760583,1,177
OUT,224,1,2130012732297083,2130012732858375,0,290
OUT,225,2,2130012704606875,2130012733152666,1,179
OUT,226,2,2130012704976750,2130012733294000,1,180
OUT,227,1,2130012733292166,2130012733476541,0,299
OUT,228,2,2130012705479708,2130012733561125,1,181
OUT,229,1,2130012733641083,2130012733834458,0,302
OUT,230,2,2130012706062958,2130012733992458,1,182
OUT,231,0,2130012734030541,2130012734615958,0,305
OUT,232,2,2130012706250958,2130012735071083,1,183
OUT,233,2,2130012706421791,2130012735223500,1,184
OUT,234,2,2130012706844500,2130012735377541,1,185
OUT,235,2,2130012707015208,2130012735697125,1,186
OUT,236,2,2130012707302208,2130012735956916,1,188
OUT,237,0,2130012735883083,2130012736264666,0,313
OUT,238,2,2130012707763833,2130012736460166,1,189
OUT,239,0,2130012736485916,2130012737389791,0,315
OUT,240,2,2130012708140666,2130012737493875,1,190
OUT,241,2,2130012708746583,2130012737745833,1,191
OUT,242,2,2130012709317958,2130012737966458,1,193
OUT,243,2,2130012709621833,2130012738324000,1,194
OUT,244,2,2130012710414666,2130012738593166,1,195
OUT,245,2,2130012711155125,2130012738775041,1,196
OUT,246,2,2130012711348875,2130012738926375,1,197
OUT,247,0,2130012738957625,2130012739207750,0,336
OUT,248,2,2130012711592666,2130012739492291,1,198
OUT,249,2,2130012711703458,2130012739860166,1,199
OUT,250,2,2130012711931750,2130012740110500,1,200
OUT,251,2,2130012712251541,2130012740278541,1,201
OUT,252,2,2130012712690583,2130012740496958,1,202
OUT,253,2,2130012713392083,2130012740794625,1,204
OUT,254,2,2130012713635500,2130012741038041,1,205
OUT,255,2,2130012713772208,2130012741573208,1,206
OUT,256,0,2130012741100125,2130012741824666,0,356
OUT,257,0,2130012741771458,2130012742154708,0,357
OUT,258,2,2130012714550916,2130012742486583,1,208
OUT,259,2,2130012714911708,2130012743542875,1,209
OUT,260,2,2130012715394208,2130012743863458,1,211
OUT,261,2,2130012715745500,2130012744073916,1,212
OUT,262,2,2130012716086166,2130012744625208,1,213
OUT,263,2,2130012716386875,2130012745236041,1,214
OUT,264,0,2130012745151000,2130012745628458,0,375
OUT,265,2,2130012716581333,2130012746034291,1,215
OUT,266,0,2130012745970583,2130012746484125,0,385
OUT,267,2,2130012716683583,2130012746870250,1,216
OUT,268,2,2130012717276041,2130012747171041,1,217
OUT,269,0,2130012746803708,2130012747739583,0,395
OUT,270,2,2130012717616041,2130012748193583,1,218
OUT,271,2,2130012717728541,2130012748903791,1,219
OUT,272,0,2130012748834708,2130012749594625,0,407
OUT,273,2,2130012718033166,2130012750151041,1,220
OUT,274,2,2130012718371416,2130012750382166,1,221
OUT,275,2,2130012719172208,2130012751135875,1,223
OUT,276,2,2130012719875250,2130012751964541,1,224
OUT,277,2,2130012720172333,2130012752478416,1,225
OUT,278,1,2130012736713625,2130012753644541,1,318
OUT,279,1,2130012736821083,2130012754183125,1,319
OUT,280,1,2130012736906833,2130012754627125,1,320
OUT,281,1,2130012737491416,2130012754774166,1,322
OUT,282,1,2130012738040708,2130012754852791,1,327
OUT,283,1,2130012738138125,2130012755057750,1,328
OUT,284,1,2130012738399083,2130012755673375,1,331
OUT,285,1,2130012739047291,2130012755982583,1,337
OUT,286,1,2130012739223166,2130012756339833,1,339
OUT,287,1,2130012740472875,2130012756726583,1,351
OUT,288,1,2130012743647125,2130012756982208,1,363
OUT,289,1,2130012744597208,2130012757165333,1,367
OUT,290,1,2130012744830875,2130012757252291,1,368
OUT,291,1,2130012745362583,2130012757455625,1,377
OUT,292,1,2130012747749041,2130012757643916,1,402
OUT,293,0,2130012749167458,2130012757714958,1,412
OUT,294,1,2130012749436291,2130012757777208,1,414
OUT,295,0,2130012749697375,2130012758271583,1,419
OUT,296,0,2130012751013083,2130012758462041,1,435
OUT,297,0,2130012751935291,2130012758544958,1,446
OUT,298,0,2130012752236000,2130012758608833,1,447
OUT,299,0,2130012752664083,2130012758670708,1,448
OUT,300,0,2130012752862416,2130012758731416,1,452
OUT,301,1,2130012753661791,2130012758802333,1,467
OUT,302,1,2130012754151000,2130012758960958,1,471
OUT,303,1,2130012755685541,2130012759188708,1,477
OUT,304,0,2130012755950916,2130012759550541,1,480
OUT,305,1,2130012756377333,2130012759713250,1,485
OUT,306,0,2130012757291333,2130012759817166,1,491
OUT,307,0,2130012757470250,2130012759931500,1,493
