IN,1,2,109466068927666,109466069914916,0,1
IN,2,2,109466077058625,109466077372416,0,2
IN,3,0,109466078033958,0,0,3
IN,4,2,109466078414958,0,0,4
IN,5,0,109466079136458,0,0,5
IN,6,0,109466079440958,0,0,6
IN,7,2,109466079981291,0,0,7
IN,8,2,109466080458208,0,0,8
IN,9,2,109466080881166,0,0,9
IN,10,0,109466081373666,0,0,10
IN,11,2,109466081853250,0,0,11
IN,12,0,109466082181458,0,0,12
IN,13,0,109466082655125,0,0,13
IN,14,1,109466083278833,0,0,14
IN,15,0,109466083763958,0,0,15
IN,16,1,109466084101958,0,0,16
IN,17,0,109466084811041,0,0,17
IN,18,1,109466085416166,0,0,18
IN,19,2,109466086113250,0,0,19
IN,20,0,109466086368750,0,0,20
IN,21,2,109466086945458,0,0,21
IN,22,1,109466087641583,0,0,22
IN,23,1,109466087949083,0,0,23
IN,24,0,109466088425625,0,0,24
IN,25,1,109466089106333,0,0,25
IN,26,2,109466089661125,109466089837833,0,26
IN,27,0,109466090384166,0,0,27
IN,28,0,109466090601791,0,0,28
IN,29,0,109466091139583,109466091401500,0,29
IN,30,2,109466091771250,109466091949750,0,30
IN,31,2,109466092360958,109466092500291,0,31
IN,32,0,109466092716208,0,0,32
IN,33,1,109466093479916,0,0,33
IN,34,2,109466093820083,0,0,34
IN,35,2,109466094291666,0,0,35
IN,36,0,109466094681250,0,0,36
IN,37,1,109466095061708,0,0,37
IN,38,1,109466095417458,0,0,38
IN,39,1,109466095787833,0,0,39
IN,40,2,109466095970125,0,0,40
IN,41,0,109466096534000,109466096792166,0,41
IN,42,0,109466097143250,0,0,42
IN,43,0,109466097540500,0,0,43
IN,44,2,109466097861875,0,0,44
IN,45,0,109466099519916,0,0,45
IN,46,0,109466099857166,0,0,46
IN,47,2,109466100304666,0,0,47
IN,48,1,109466100794125,109466100956416,0,48
IN,49,1,109466101152833,0,0,49
IN,50,0,109466101457166,0,0,50
IN,51,2,109466101993791,109466102171000,0,51
IN,52,2,109466102547708,0,0,52
IN,53,2,109466102753125,0,0,53
IN,54,1,109466103182625,0,0,54
IN,55,0,109466103588166,0,0,55
IN,56,0,109466104051166,0,0,56
IN,57,0,109466104470541,0,0,57
IN,58,0,109466104959958,0,0,58
IN,59,1,109466105225833,0,0,59
IN,60,2,109466105690750,0,0,60
IN,61,2,109466106006500,0,0,61
IN,62,0,109466106792750,0,0,62
IN,63,2,109466107189791,0,0,63
IN,64,1,109466107354083,0,0,64
IN,65,1,109466107590500,0,0,65
IN,66,2,109466107964583,0,0,66
IN,67,0,109466108209833,0,0,67
IN,68,1,109466108401708,0,0,68
IN,69,0,109466108725541,0,0,69
IN,70,0,109466108876250,0,0,70
IN,71,2,109466109163208,0,0,71
IN,72,1,109466109394833,0,0,72
IN,73,1,109466109895166,0,0,73
IN,74,0,109466110052708,0,0,74
IN,75,2,109466110571750,0,0,75
IN,76,0,109466110896416,0,0,76
IN,77,2,109466111230583,0,0,77
IN,78,2,109466111726083,0,0,78
IN,79,0,109466112168333,0,0,79
IN,80,0,109466112316875,0,0,80
IN,81,1,109466112709916,0,0,81
IN,82,0,109466113005666,0,0,82
IN,83,2,109466113315291,0,0,83
IN,84,0,109466113464041,0,0,84
IN,85,0,109466113596958,0,0,85
IN,86,2,109466113750833,0,0,86
IN,87,0,109466113883125,0,0,87
IN,88,2,109466114785416,0,0,88
IN,89,0,109466115180875,0,0,89
IN,90,1,109466115381333,0,0,90
IN,91,1,109466115702000,0,0,91
IN,92,0,109466116367750,0,0,92
IN,93,2,109466116528666,0,0,93
IN,94,2,109466116801750,0,0,94
IN,95,1,109466117179875,0,0,95
IN,96,0,109466117621541,0,0,96
IN,97,1,109466117761625,0,0,97
IN,98,2,109466117889250,0,0,98
IN,99,1,109466118173208,0,0,99
IN,100,1,109466118425833,0,0,100
IN,101,1,109466118751458,0,0,101
IN,102,2,109466119078750,0,0,102
IN,103,0,109466119236333,0,0,103
IN,104,2,109466119528875,0,0,104
IN,105,1,109466119686000,0,0,105
IN,106,0,109466119952583,0,0,106
IN,107,2,109466120209291,0,0,107
IN,108,2,109466120449833,0,0,108
IN,109,2,109466120753083,0,0,109
IN,110,2,109466120879208,0,0,110
IN,111,1,109466121005000,0,0,111
IN,112,0,109466121124666,0,0,112
IN,113,1,109466121266166,0,0,113
IN,114,2,109466121382458,0,0,114
IN,115,2,109466121503041,0,0,115
IN,116,2,109466121634375,0,0,116
IN,117,2,109466121745583,0,0,117
IN,118,0,109466121879375,0,0,118
IN,119,0,109466122004375,0,0,119
IN,120,0,109466122113583,0,0,120
IN,121,2,109466122418708,0,0,121
IN,122,1,109466122536958,0,0,122
IN,123,0,109466122659958,0,0,123
IN,124,0,109466122972666,0,0,124
IN,125,1,109466123109041,0,0,125
IN,126,0,109466123358125,0,0,126
IN,127,0,109466123694500,0,0,127
IN,128,1,109466123934000,0,0,128
IN,129,2,109466124303333,0,0,129
IN,130,0,109466124546875,0,1,130
IN,131,2,109466124833791,0,0,131
IN,132,0,109466125127166,0,1,132
IN,133,0,109466125242666,0,1,133
IN,134,1,109466125503000,0,0,134
IN,135,1,109466125841500,0,0,135
IN,136,0,109466126218416,0,1,136
IN,137,0,109466126816541,0,1,137
IN,138,1,109466127310541,0,0,138
IN,139,0,109466127710916,0,1,139
IN,140,2,109466128066750,0,0,140
IN,141,2,109466128299333,0,0,141
IN,142,1,109466128445375,0,0,142
IN,143,1,109466128659083,0,0,143
IN,144,1,109466128784208,0,0,144
IN,145,1,109466128964625,0,0,145
IN,146,0,109466129141666,0,1,146
IN,147,2,109466129386500,0,0,147
IN,148,1,109466129512583,0,0,148
IN,149,2,109466129628708,0,1,149
IN,150,0,109466129951833,0,1,150
IN,151,0,109466130405000,0,1,151
IN,152,0,109466130548458,0,1,152
IN,153,0,109466131093666,0,1,153
IN,154,0,109466131418916,0,1,154
IN,155,1,109466131787541,0,0,155
IN,156,2,109466131908125,0,0,156
IN,157,0,109466132028250,0,1,157
IN,158,0,109466132346708,0,1,158
IN,159,0,109466132536208,0,1,159
IN,160,1,109466132655083,0,0,160
IN,161,1,109466132756416,0,0,161
IN,162,0,109466132858541,0,1,162
IN,163,1,109466132955541,0,0,163
IN,164,0,109466133106916,0,1,164
IN,165,1,109466133201125,0,0,165
IN,166,1,109466133297416,0,0,166
IN,167,1,109466133393041,0,0,167
IN,168,2,109466133496208,0,0,168
IN,169,2,109466133788291,0,0,169
IN,170,1,109466134287166,0,0,170
IN,171,0,109466134411916,0,1,171
IN,172,1,109466134550875,0,0,172
IN,173,0,109466134659958,0,1,173
IN,174,0,109466134763250,0,1,174
IN,175,1,109466134856083,0,1,175
IN,176,1,109466134952000,0,1,176
IN,177,1,109466135051041,0,1,177
IN,178,1,109466135145708,0,1,178
IN,179,1,109466135241708,0,1,179
IN,180,1,109466135347750,0,1,180
IN,181,1,109466135441458,0,1,181
IN,182,0,109466135538458,0,1,182
IN,183,2,109466135632916,0,0,183
IN,184,1,109466135737000,0,1,184
IN,185,1,109466135827666,0,1,185
IN,186,0,109466135929916,0,1,186
IN,187,2,109466136024333,0,0,187
IN,188,0,109466136118708,0,1,188
IN,189,2,109466136212416,0,0,189
IN,190,0,109466136324000,0,1,190
IN,191,2,109466136686625,0,0,191
IN,192,2,109466136808416,0,0,192
IN,193,2,109466136915708,0,0,193
IN,194,2,109466137016166,0,0,194
IN,195,1,109466137260750,0,1,195
IN,196,2,109466137359291,0,0,196
IN,197,2,109466137453458,0,0,197
IN,198,2,109466137551583,0,0,198
IN,199,2,109466137641458,0,0,199
IN,200,2,109466137732333,0,0,200
IN,201,1,109466137821791,0,1,201
IN,202,1,109466137922750,0,1,202
IN,203,1,109466138009750,0,1,203
IN,204,1,109466138099708,0,1,204
IN,205,0,109466138187916,0,0,205
IN,206,2,109466138276000,0,0,206
IN,207,2,109466138364541,0,0,207
IN,208,1,109466138670041,0,1,208
IN,209,0,109466138773250,0,0,209
IN,210,2,109466138874041,0,0,210
IN,211,0,109466138982750,0,0,211
IN,212,1,109466139095916,0,1,212
IN,213,0,109466139583541,0,0,213
IN,214,1,109466140070458,0,1,214
IN,215,2,109466140249250,0,0,215
IN,216,1,109466140380916,0,1,216
IN,217,2,109466140745208,0,0,217
IN,218,0,109466141314583,0,0,218
IN,219,2,109466141551750,0,0,219
IN,220,0,109466141661500,0,0,220
IN,221,0,109466142355458,0,0,221
IN,222,2,109466142476916,0,0,222
IN,223,1,109466142606500,0,0,223
IN,224,1,109466142906083,0,0,224
IN,225,1,109466143012125,0,0,225
IN,226,2,109466143102125,0,0,226
IN,227,1,109466143187125,0,0,227
IN,228,1,109466143282875,0,0,228
IN,229,0,109466143714666,0,0,229
IN,230,0,109466143873375,0,0,230
IN,231,1,109466143974791,0,0,231
IN,232,2,109466144067000,0,0,232
IN,233,1,109466144154833,0,0,233
IN,234,1,109466144240458,0,0,234
IN,235,1,109466144322625,0,0,235
IN,236,0,109466144413583,0,0,236
IN,237,0,109466144499916,0,0,237
IN,238,2,109466144608916,0,0,238
IN,239,0,109466144692291,0,0,239
IN,240,1,109466145016708,0,0,240
IN,241,1,109466145227416,0,0,241
IN,242,2,109466145408583,0,0,242
IN,243,1,109466145723333,0,0,243
IN,244,0,109466146281375,0,0,244
IN,245,1,109466146567708,0,0,245
IN,246,1,109466146715500,0,0,246
IN,247,2,109466146985791,0,0,247
IN,248,1,109466147085125,0,0,248
IN,249,2,109466147180958,0,0,249
IN,250,2,109466147285541,0,0,250
IN,251,1,109466147369708,0,0,251
IN,252,2,109466147640791,0,0,252
IN,253,1,109466147760083,0,0,253
IN,254,1,109466147865916,0,0,254
IN,255,0,109466148141166,0,0,255
IN,256,1,109466148844000,0,0,256
IN,257,2,109466149138625,0,0,257
IN,258,0,109466149349208,0,0,258
IN,259,2,109466149454083,0,0,259
IN,260,2,109466150432500,0,0,260
IN,261,0,109466151201750,0,0,261
IN,262,1,109466151424166,0,0,262
IN,263,0,109466151577625,0,0,263
IN,264,0,109466151870916,0,0,264
IN,265,1,109466152176458,0,0,265
IN,266,1,109466152286375,0,0,266
IN,267,0,109466152889791,0,0,267
IN,268,0,109466153672625,0,0,268
IN,269,0,109466154024041,0,0,269
IN,270,0,109466154278958,0,0,270
IN,271,0,109466154378708,0,0,271
IN,272,0,109466154595291,0,0,272
IN,273,0,109466154693333,0,0,273
IN,274,2,109466154793041,0,0,274
IN,275,2,109466154875291,0,0,275
IN,276,0,109466155021458,0,0,276
IN,277,0,109466155135208,0,1,277
IN,278,0,109466155234291,0,1,278
IN,279,0,109466155317458,0,1,279
IN,280,0,109466155398416,0,1,280
IN,281,2,109466155488375,0,0,281
IN,282,0,109466155567458,0,1,282
IN,283,0,109466155644458,0,1,283
IN,284,0,109466155726791,0,1,284
IN,285,0,109466155802750,0,1,285
IN,286,0,109466155887958,0,1,286
IN,287,1,109466155967291,0,0,287
IN,288,0,109466156044083,0,1,288
IN,289,2,109466156124083,0,0,289
IN,290,0,109466156302708,0,1,290
IN,291,0,109466156391791,0,1,291
IN,292,2,109466156471125,0,0,292
IN,293,0,109466156550958,0,1,293
IN,294,2,109466156629750,0,0,294
IN,295,2,109466156704208,0,0,295
IN,296,1,109466156778541,0,0,296
IN,297,0,109466156850333,0,1,297
IN,298,1,109466156922375,0,0,298
IN,299,2,109466156996291,0,0,299
IN,300,1,109466157068833,0,0,300
IN,301,2,109466157140625,0,0,301
IN,302,1,109466157213125,0,0,302
IN,303,1,109466157284291,0,0,303
IN,304,2,109466157357500,0,0,304
IN,305,2,109466157430375,0,0,305
IN,306,1,109466157502041,0,0,306
IN,307,1,109466159120333,0,0,307
IN,308,1,109466159616416,0,0,308
IN,309,2,109466159865083,0,0,309
IN,310,2,109466160465458,0,0,310
IN,311,1,109466160568000,0,0,311
IN,312,1,109466160645375,0,1,312
IN,313,0,109466160737083,0,0,313
IN,314,2,109466160824791,0,0,314
IN,315,2,109466160921083,0,0,315
IN,316,2,109466161003291,0,0,316
IN,317,1,109466161078208,0,1,317
IN,318,1,109466161387458,0,1,318
IN,319,1,109466161697458,0,1,319
IN,320,0,109466161819541,0,0,320
IN,321,0,109466161905041,0,0,321
IN,322,2,109466161984250,0,1,322
IN,323,2,109466162061625,0,1,323
IN,324,0,109466162136833,0,0,324
IN,325,2,109466162254416,0,1,325
IN,326,2,109466162533708,0,1,326
IN,327,0,109466162622291,0,0,327
IN,328,0,109466162722291,0,0,328
IN,329,0,109466162799791,0,0,329
IN,330,2,109466162920958,0,1,330
IN,331,0,109466162995375,0,0,331
IN,332,2,109466163066208,0,1,332
IN,333,0,109466163135375,0,0,333
IN,334,1,109466163437750,0,0,334
IN,335,1,109466164239041,0,0,335
IN,336,1,109466164549541,0,0,336
IN,337,2,109466164747166,0,0,337
IN,338,2,109466164835000,0,0,338
IN,339,0,109466165115708,0,0,339
IN,340,1,109466165215250,0,0,340
IN,341,0,109466165433916,0,0,341
IN,342,0,109466165597041,0,0,342
IN,343,1,109466165690375,0,0,343
IN,344,1,109466165851791,0,0,344
IN,345,2,109466165965125,0,0,345
IN,346,0,109466166371041,0,0,346
IN,347,2,109466166658083,0,0,347
IN,348,2,109466166858833,0,0,348
IN,349,0,109466166934833,0,0,349
IN,350,1,109466167004250,0,0,350
IN,351,1,109466167072958,0,0,351
IN,352,0,109466167155333,0,0,352
IN,353,2,109466167222416,0,0,353
IN,354,2,109466167288750,0,0,354
IN,355,2,109466167355541,0,0,355
IN,356,2,109466167437500,0,0,356
IN,357,0,109466167501833,0,0,357
IN,358,2,109466167566708,0,0,358
IN,359,0,109466167630583,0,0,359
IN,360,0,109466167708375,0,0,360
IN,361,1,109466167773958,0,0,361
IN,362,0,109466167838375,0,0,362
IN,363,0,109466167939791,0,0,363
IN,364,2,109466168142666,0,0,364
IN,365,2,109466168240333,0,0,365
IN,366,2,109466168740541,0,0,366
IN,367,2,109466168978041,0,0,367
IN,368,1,109466169063958,0,0,368
IN,369,2,109466169139833,0,0,369
IN,370,2,109466169223958,0,0,370
IN,371,2,109466169302333,0,0,371
IN,372,1,109466169385750,0,0,372
IN,373,0,109466169809083,0,0,373
IN,374,1,109466169911958,0,0,374
IN,375,1,109466169990750,0,0,375
IN,376,1,109466170073375,0,0,376
IN,377,2,109466170145875,0,0,377
IN,378,1,109466170219291,0,0,378
IN,379,0,109466170298875,0,0,379
IN,380,2,109466170367250,0,0,380
IN,381,0,109466170572666,0,0,381
IN,382,0,109466170674041,0,0,382
IN,383,2,109466170754833,0,0,383
IN,384,2,109466171083583,0,0,384
IN,385,0,109466171509041,0,0,385
IN,386,2,109466171604958,0,0,386
IN,387,2,109466171679000,0,0,387
IN,388,1,109466171749666,0,0,388
IN,389,0,109466171814916,0,0,389
IN,390,2,109466171880375,0,0,390
IN,391,2,109466171944875,0,0,391
IN,392,2,109466172006666,0,0,392
IN,393,2,109466172071708,0,0,393
IN,394,1,109466172165041,0,0,394
IN,395,2,109466172228958,0,0,395
IN,396,0,109466172291875,0,0,396
IN,397,2,109466172365625,0,0,397
IN,398,2,109466172426208,0,0,398
IN,399,2,109466172486083,0,0,399
IN,400,0,109466172561000,0,0,400
IN,401,2,109466172621750,0,0,401
IN,402,1,109466172682500,0,0,402
IN,403,1,109466172758583,0,0,403
IN,404,2,109466172818541,0,0,404
IN,405,2,109466172927708,0,0,405
IN,406,0,109466173003583,0,0,406
IN,407,2,109466173064625,0,0,407
IN,408,0,109466173166708,0,0,408
IN,409,2,109466173615041,0,0,409
IN,410,2,109466173701583,0,0,410
IN,411,2,109466173780458,0,0,411
IN,412,0,109466173843250,0,0,412
IN,413,2,109466173906291,0,0,413
IN,414,1,109466173970333,0,0,414
IN,415,0,109466174044666,0,0,415
IN,416,1,109466174107166,0,0,416
IN,417,2,109466174168291,0,0,417
IN,418,2,109466174229541,0,0,418
IN,419,0,109466174304000,0,0,419
IN,420,2,109466174365000,0,0,420
IN,421,2,109466174426000,0,0,421
IN,422,1,109466174486458,0,0,422
IN,423,0,109466174560791,0,0,423
IN,424,2,109466174620583,0,0,424
IN,425,0,109466174682125,0,0,425
IN,426,2,109466174759666,0,1,426
IN,427,0,109466174845833,0,0,427
IN,428,1,109466174905750,0,0,428
IN,429,2,109466174966958,0,1,429
IN,430,0,109466175026416,0,1,430
IN,431,0,109466175093125,0,1,431
IN,432,0,109466175153500,0,1,432
IN,433,2,109466175213708,0,1,433
IN,434,0,109466175289541,0,1,434
IN,435,2,109466175351166,0,1,435
IN,436,1,109466175790583,0,0,436
IN,437,2,109466175886166,0,1,437
IN,438,1,109466175959625,0,0,438
IN,439,1,109466176029250,0,0,439
IN,440,1,109466176098375,0,0,440
IN,441,1,109466176166333,0,0,441
IN,442,1,109466176230083,0,0,442
IN,443,2,109466176295625,0,1,443
IN,444,1,109466176357541,0,0,444
IN,445,1,109466176419125,0,0,445
IN,446,1,109466176498666,0,0,446
IN,447,2,109466176564916,0,1,447
IN,448,2,109466176641083,0,1,448
IN,449,1,109466176702416,0,0,449
IN,450,2,109466176918708,0,1,450
IN,451,2,109466176990625,0,1,451
IN,452,1,109466177071333,0,0,452
IN,453,0,109466177141083,0,0,453
IN,454,0,109466177213958,0,0,454
IN,455,1,109466177277125,0,0,455
IN,456,2,109466177353208,0,1,456
IN,457,1,109466177415250,0,0,457
IN,458,2,109466177475583,0,1,458
IN,459,0,109466177535625,0,0,459
IN,460,2,109466177610875,0,1,460
IN,461,1,109466177671375,0,0,461
IN,462,2,109466177732000,0,1,462
IN,463,2,109466177792083,0,1,463
IN,464,2,109466177868583,0,1,464
IN,465,0,109466177931375,0,0,465
IN,466,0,109466177993291,0,0,466
IN,467,2,109466178057750,0,1,467
IN,468,0,109466178202166,0,0,468
IN,469,2,109466178271958,0,1,469
IN,470,2,109466178338458,0,1,470
IN,471,1,109466178414000,0,0,471
IN,472,2,109466178474708,0,1,472
IN,473,2,109466178860708,0,1,473
IN,474,2,109466179142291,0,1,474
IN,475,2,109466179236833,0,1,475
IN,476,1,109466179304541,0,0,476
IN,477,1,109466179368791,0,0,477
IN,478,2,109466179431750,0,1,478
IN,479,1,109466179507708,0,0,479
IN,480,2,109466179567666,0,1,480
IN,481,1,109466179628750,0,0,481
IN,482,2,109466179688250,0,1,482
IN,483,1,109466179763625,0,0,483
IN,484,0,109466179856666,0,0,484
IN,485,0,109466179922166,0,0,485
IN,486,0,109466179982750,0,0,486
IN,487,1,109466180054750,0,0,487
IN,488,2,109466180115208,0,1,488
IN,489,1,109466180175375,0,0,489
IN,490,0,109466180234458,0,0,490
IN,491,2,109466180294333,0,1,491
IN,492,0,109466180357583,0,0,492
IN,493,1,109466180417833,0,0,493
IN,494,2,109466180477791,0,1,494
IN,495,1,109466180538666,0,1,495
IN,496,1,109466180600958,0,1,496
IN,497,0,109466180662166,0,0,497
IN,498,2,109466180722125,0,1,498
IN,499,2,109466180784833,0,1,499
IN,500,0,109466180846875,0,0,500
IN,501,0,109466180909333,0,0,501
IN,502,0,109466180970208,0,0,502
IN,503,2,109466181030333,0,1,503
IN,504,1,109466181088625,0,1,504
IN,505,1,109466181150000,0,1,505
IN,506,0,109466181209916,0,0,506
IN,507,0,109466181270583,0,0,507
IN,508,1,109466181340708,0,1,508
IN,509,1,109466181401916,0,1,509
IN,510,1,109466181463958,0,1,510
IN,511,1,109466181532500,0,1,511
IN,512,2,109466181593208,0,1,512
IN,513,0,109466181652333,0,0,513
IN,514,0,109466181711458,0,0,514
IN,515,1,109466181778333,0,1,515
IN,516,1,109466181838625,0,1,516
IN,517,1,109466181899041,0,1,517
IN,518,1,109466181973875,0,1,518
IN,519,1,109466182034250,0,1,519
IN,520,1,109466182108333,0,1,520
IN,521,1,109466182167500,0,1,521
IN,522,2,109466182241541,0,1,522
IN,523,1,109466182300666,0,1,523
IN,524,0,109466182373166,0,0,524
IN,525,0,109466182432541,0,0,525
IN,526,1,109466182505583,0,1,526
IN,527,0,109466182565125,0,0,527
IN,528,2,109466182991291,0,1,528
IN,529,1,109466183320291,0,1,529
IN,530,1,109466183676333,0,1,530
IN,531,2,109466183764333,0,1,531
IN,532,0,109466184277208,0,0,532
IN,533,1,109466184432333,0,1,533
IN,534,0,109466184498708,0,0,534
IN,535,2,109466184579125,0,1,535
IN,536,1,109466184640250,0,1,536
IN,537,1,109466184718208,0,1,537
IN,538,2,109466184777625,0,1,538
IN,539,0,109466184857583,0,0,539
IN,540,2,109466184915958,0,1,540
IN,541,2,109466184974875,0,1,541
IN,542,1,109466185033708,0,1,542
IN,543,0,109466185108625,0,0,543
IN,544,1,109466185170500,0,1,544
IN,545,0,109466185230083,0,0,545
IN,546,0,109466185289666,0,0,546
IN,547,2,109466185364875,0,1,547
IN,548,1,109466185427375,0,1,548
IN,549,0,109466185485750,0,0,549
IN,550,0,109466185560875,0,0,550
IN,551,2,109466185619583,0,1,551
IN,552,1,109466185678500,0,1,552
IN,553,0,109466185738208,0,0,553
IN,554,2,109466185811916,0,1,554
IN,555,2,109466185871125,0,1,555
IN,556,1,109466185929541,0,1,556
IN,557,1,109466185987041,0,1,557
IN,558,2,109466186046041,0,1,558
IN,559,0,109466186127833,0,0,559
IN,560,0,109466186189958,0,0,560
IN,561,0,109466186254083,0,0,561
IN,562,0,109466186314750,0,0,562
IN,563,1,109466186390500,0,1,563
IN,564,2,109466186449291,0,1,564
IN,565,0,109466186506583,0,0,565
IN,566,1,109466186568875,0,1,566
IN,567,2,109466186633833,0,1,567
IN,568,0,109466186699541,0,0,568
IN,569,2,109466186756708,0,1,569
IN,570,2,109466186814958,0,1,570
IN,571,0,109466186876000,0,0,571
IN,572,2,109466186932916,0,1,572
IN,573,2,109466186990333,0,1,573
IN,574,1,109466187048583,0,1,574
IN,575,1,109466187107875,0,1,575
IN,576,0,109466187165625,0,0,576
IN,577,1,109466187222208,0,1,577
IN,578,0,109466187277250,0,0,578
IN,579,2,109466187335375,0,1,579
IN,580,0,109466187392750,0,0,580
IN,581,1,109466187448583,0,1,581
IN,582,2,109466187505041,0,1,582
IN,583,0,109466187560750,0,0,583
IN,584,2,109466187615916,0,1,584
IN,585,2,109466187670750,0,1,585
IN,586,2,109466187726291,0,1,586
IN,587,2,109466187782500,0,1,587
IN,588,0,109466187838041,0,0,588
IN,589,2,109466187893708,0,1,589
IN,590,2,109466187997166,0,1,590
IN,591,2,109466188077833,0,1,591
IN,592,0,109466188133208,0,0,592
IN,593,1,109466188189708,0,1,593
IN,594,2,109466188246291,0,1,594
IN,595,2,109466188301916,0,1,595
IN,596,0,109466188358291,0,0,596
IN,597,2,109466188416458,0,1,597
IN,598,2,109466188487500,0,1,598
IN,599,0,109466188561625,0,0,599
IN,600,2,109466188621791,0,1,600
IN,601,2,109466188679583,0,1,601
IN,602,0,109466188734583,0,1,602
IN,603,2,109466188789166,0,1,603
IN,604,0,109466188845166,0,1,604
IN,605,1,109466188901250,0,1,605
IN,606,2,109466188956958,0,1,606
IN,607,1,109466189064958,0,1,607
IN,608,0,109466189146166,0,1,608
IN,609,0,109466189351000,0,1,609
IN,610,2,109466189414291,0,1,610
IN,611,0,109466189474000,0,1,611
IN,612,0,109466189550666,0,1,612
IN,613,0,109466189611583,0,1,613
IN,614,1,109466189673291,0,1,614
IN,615,0,109466189735916,0,1,615
IN,616,1,109466189828083,0,1,616
IN,617,1,109466189891541,0,1,617
IN,618,2,109466190086291,0,1,618
IN,619,0,109466190148125,0,1,619
IN,620,0,109466190211250,0,1,620
IN,621,1,109466190270041,0,1,621
IN,622,2,109466190343333,0,1,622
IN,623,0,109466190404041,0,1,623
IN,624,1,109466190462583,0,1,624
IN,625,2,109466190520916,0,1,625
IN,626,2,109466190575541,0,1,626
IN,627,2,109466190631541,0,1,627
IN,628,1,109466190685875,0,1,628
IN,629,0,109466190743500,0,1,629
IN,630,2,109466190797000,0,1,630
IN,631,2,109466190850916,0,1,631
IN,632,1,109466190906458,0,1,632
IN,633,0,109466190961458,0,1,633
IN,634,0,109466191015791,0,1,634
IN,635,1,109466191071916,0,1,635
IN,636,0,109466191126791,0,1,636
IN,637,0,109466191181208,0,1,637
IN,638,1,109466191235708,0,1,638
IN,639,1,109466191289333,0,1,639
IN,640,1,109466191343375,0,1,640
IN,641,1,109466191398416,0,1,641
IN,642,0,109466191454291,0,1,642
IN,643,1,109466191544208,0,1,643
IN,644,1,109466191598750,0,1,644
IN,645,2,109466191653000,0,1,645
IN,646,1,109466191707625,0,1,646
IN,647,0,109466191763416,0,1,647
IN,648,2,109466191816208,0,1,648
IN,649,0,109466191870875,0,1,649
IN,650,1,109466191945291,0,1,650
IN,651,0,109466191999750,0,1,651
IN,652,1,109466192057333,0,1,652
IN,653,2,109466192134500,0,1,653
IN,654,1,109466192188708,0,1,654
IN,655,2,109466192248208,0,1,655
IN,656,0,109466192303833,0,1,656
IN,657,1,109466192383500,0,1,657
IN,658,0,109466192435875,0,1,658
IN,659,1,109466192501750,0,1,659
IN,660,1,109466192578375,0,1,660
IN,661,2,109466192634875,0,1,661
IN,662,1,109466192692375,0,1,662
IN,663,1,109466192749625,0,1,663
IN,664,2,109466192823458,0,1,664
IN,665,2,109466192879416,0,1,665
IN,666,1,109466192934291,0,1,666
IN,667,0,109466192988375,0,1,667
IN,668,0,109466193064250,0,1,668
IN,669,1,109466193121708,0,1,669
IN,670,0,109466193177583,0,1,670
IN,671,0,109466193252000,0,1,671
IN,672,1,109466193306875,0,1,672
IN,673,0,109466193363916,0,1,673
IN,674,1,109466193443166,0,1,674
IN,675,1,109466193498750,0,1,675
IN,676,2,109466193553666,0,1,676
IN,677,1,109466193790291,0,1,677
IN,678,0,109466193874708,0,1,678
IN,679,1,109466193932875,0,1,679
IN,680,1,109466193991250,0,1,680
IN,681,0,109466194048750,0,1,681
IN,682,1,109466194105833,0,1,682
IN,683,2,109466194163125,0,1,683
IN,684,0,109466194236291,0,1,684
IN,685,1,109466194295416,0,1,685
IN,686,0,109466194350750,0,1,686
IN,687,1,109466194407000,0,1,687
IN,688,0,109466194463916,0,1,688
IN,689,0,109466194535125,0,1,689
IN,690,1,109466194591791,0,1,690
IN,691,1,109466194653625,0,1,691
IN,692,1,109466194711500,0,1,692
IN,693,0,109466194772041,0,1,693
IN,694,2,109466194828750,0,1,694
IN,695,2,109466194884416,0,1,695
IN,696,1,109466194940375,0,1,696
IN,697,1,109466194996791,0,1,697
IN,698,0,109466195053583,0,1,698
IN,699,2,109466195110500,0,1,699
IN,700,0,109466195166666,0,1,700
IN,701,1,109466195221875,0,1,701
IN,702,0,109466195277125,0,1,702
IN,703,0,109466195331333,0,1,703
IN,704,2,109466195385291,0,1,704
IN,705,0,109466195439500,0,1,705
IN,706,0,109466195496166,0,1,706
IN,707,1,109466195567666,0,1,707
IN,708,2,109466195629833,0,1,708
IN,709,0,109466195882958,0,1,709
IN,710,0,109466196087750,0,1,710
IN,711,2,109466196273708,0,1,711
IN,712,1,109466196486875,0,1,712
IN,713,1,109466196654375,0,1,713
IN,714,2,109466196761333,0,1,714
IN,715,0,109466196853833,0,1,715
IN,716,1,109466196920000,0,1,716
IN,717,2,109466196985500,0,1,717
IN,718,2,109466197046625,0,1,718
IN,719,1,109466197109166,0,1,719
IN,720,0,109466197172541,0,1,720
IN,721,0,109466197239166,0,1,721
IN,722,2,109466197305625,0,1,722
IN,723,1,109466197366333,0,1,723
IN,724,2,109466197427000,0,1,724
IN,725,0,109466197485625,0,1,725
IN,726,1,109466197543875,0,1,726
IN,727,1,109466197654666,0,1,727
IN,728,2,109466197718000,0,1,728
IN,729,0,109466197793541,0,1,729
IN,730,1,109466197853125,0,1,730
IN,731,2,109466197911416,0,1,731
IN,732,0,109466197969708,0,1,732
IN,733,1,109466198060291,0,1,733
IN,734,0,109466198118125,0,1,734
IN,735,2,109466198363208,0,1,735
IN,736,2,109466198455083,0,1,736
IN,737,1,109466198739750,0,1,737
IN,738,0,109466198870791,0,1,738
IN,739,2,109466198947708,0,1,739
IN,740,0,109466199020375,0,1,740
IN,741,0,109466199085458,0,1,741
IN,742,0,109466199299708,0,1,742
IN,743,2,109466199577833,0,1,743
IN,744,1,109466200024166,0,1,744
IN,745,2,109466200094416,0,1,745
IN,746,2,109466200169125,0,1,746
IN,747,2,109466200235875,0,1,747
IN,748,0,109466200295083,0,1,748
IN,749,1,109466200351583,0,1,749
IN,750,0,109466200407833,0,1,750
IN,751,0,109466200465916,0,1,751
IN,752,2,109466200523125,0,1,752
IN,753,0,109466200581125,0,1,753
IN,754,2,109466200637541,0,1,754
IN,755,2,109466200690916,0,1,755
IN,756,1,109466200747875,0,1,756
IN,757,0,109466202157333,0,0,757
IN,758,2,109466202518583,0,0,758
IN,759,0,109466203072541,0,1,759
IN,760,2,109466203209666,0,1,760
IN,761,1,109466203274583,0,0,761
IN,762,1,109466203349708,0,1,762
IN,763,2,109466203407291,0,1,763
IN,764,0,109466203477208,0,1,764
IN,765,1,109466203534291,0,1,765
IN,766,0,109466203994333,0,1,766
IN,767,1,109466204051833,0,1,767
IN,768,1,109466204107166,0,1,768
IN,769,0,109466204162583,0,1,769
IN,770,1,109466204217208,0,1,770
IN,771,1,109466204273125,0,1,771
IN,772,1,109466204329041,0,1,772
IN,773,0,109466204385791,0,1,773
IN,774,0,109466204441416,0,1,774
IN,775,2,109466204498291,0,1,775
IN,776,0,109466205359041,0,1,776
IN,777,0,109466205421083,0,1,777
IN,778,1,109466205477541,0,1,778
IN,779,0,109466205533208,0,1,779
IN,780,2,109466205589125,0,1,780
IN,781,2,109466205643916,0,1,781
IN,782,2,109466205699000,0,1,782
IN,783,2,109466205991166,0,1,783
IN,784,1,109466206283666,0,1,784
IN,785,2,109466206415041,0,1,785
IN,786,1,109466206475750,0,1,786
IN,787,0,109466206531458,0,1,787
IN,788,2,109466206586583,0,1,788
IN,789,2,109466206644416,0,1,789
IN,790,1,109466206700458,0,1,790
IN,791,2,109466206754583,0,1,791
IN,792,1,109466206809541,0,1,792
IN,793,1,109466206863250,0,1,793
IN,794,0,109466206918083,0,1,794
IN,795,1,109466206972250,0,1,795
IN,796,0,109466207027208,0,1,796
IN,797,0,109466207176958,0,1,797
IN,798,1,109466207265375,0,1,798
IN,799,0,109466207328041,0,1,799
IN,800,2,109466207402000,0,1,800
IN,801,0,109466207460375,0,1,801
IN,802,2,109466207533583,0,1,802
IN,803,1,109466207591041,0,1,803
IN,804,2,109466207663000,0,1,804
IN,805,0,109466207721000,0,1,805
IN,806,2,109466207793125,0,1,806
IN,807,0,109466207849500,0,1,807
IN,808,1,109466208285416,0,1,808
IN,809,2,109466208426250,0,1,809
IN,810,2,109466208485083,0,1,810
IN,811,2,109466208541083,0,1,811
IN,812,2,109466208598458,0,1,812
IN,813,0,109466208654750,0,1,813
IN,814,1,109466208711625,0,1,814
IN,815,2,109466208767166,0,1,815
IN,816,2,109466208822833,0,1,816
IN,817,0,109466208878125,0,1,817
IN,818,0,109466208933833,0,1,818
IN,819,2,109466208989666,0,1,819
IN,820,2,109466209044833,0,1,820
IN,821,0,109466209100875,0,1,821
IN,822,0,109466209156041,0,1,822
IN,823,2,109466209210916,0,1,823
IN,824,0,109466209271583,0,1,824
IN,825,0,109466209331500,0,1,825
IN,826,0,109466209388250,0,1,826
IN,827,2,109466209500666,0,1,827
IN,828,2,109466209567291,0,1,828
IN,829,2,109466209643208,0,1,829
IN,830,1,109466209704083,0,1,830
IN,831,1,109466209761208,0,1,831
IN,832,0,109466209816625,0,1,832
IN,833,1,109466209888541,0,1,833
IN,834,1,109466209944666,0,1,834
IN,835,2,109466210002541,0,1,835
IN,836,0,109466210284583,0,1,836
IN,837,0,109466210354250,0,1,837
IN,838,0,109466210406875,0,1,838
IN,839,0,109466210488291,0,1,839
IN,840,1,109466210544791,0,1,840
IN,841,1,109466210880541,0,1,841
IN,842,2,109466210939583,0,1,842
IN,843,0,109466210997041,0,1,843
IN,844,2,109466211052875,0,1,844
IN,845,0,109466211112833,0,1,845
IN,846,1,109466211167708,0,1,846
IN,847,2,109466211222958,0,1,847
IN,848,1,109466211278125,0,1,848
IN,849,2,109466211335000,0,1,849
IN,850,1,109466211390625,0,1,850
IN,851,2,109466211445458,0,1,851
IN,852,0,109466211521791,0,1,852
IN,853,2,109466211579708,0,1,853
IN,854,0,109466211634625,0,1,854
IN,855,2,109466211716250,0,1,855
IN,856,2,109466211776333,0,1,856
IN,857,0,109466211834750,0,1,857
IN,858,0,109466211891916,0,1,858
IN,859,1,109466211953833,0,1,859
IN,860,2,109466212014791,0,1,860
IN,861,2,109466212114250,0,1,861
IN,862,1,109466212188000,0,1,862
IN,863,1,109466212250375,0,1,863
IN,864,0,109466212378791,0,1,864
IN,865,1,109466212870375,0,1,865
IN,866,0,109466213249708,0,1,866
IN,867,1,109466213558541,0,1,867
IN,868,1,109466213720916,0,1,868
IN,869,0,109466213785083,0,1,869
IN,870,1,109466213857750,0,1,870
IN,871,1,109466213915541,0,1,871
IN,872,0,109466213974041,0,1,872
IN,873,0,109466214030208,0,1,873
IN,874,1,109466214133791,0,1,874
IN,875,1,109466214189750,0,1,875
IN,876,2,109466214261291,0,0,876
IN,877,1,109466214319916,0,1,877
IN,878,1,109466214377833,0,1,878
IN,879,0,109466214435458,0,1,879
IN,880,2,109466214550375,0,0,880
IN,881,2,109466214608916,0,0,881
IN,882,0,109466214665125,0,1,882
IN,883,1,109466214736041,0,1,883
IN,884,1,109466214794833,0,1,884
IN,885,0,109466214857458,0,1,885
IN,886,0,109466214911958,0,1,886
IN,887,1,109466214991750,0,1,887
IN,888,2,109466215048458,0,0,888
IN,889,0,109466215103250,0,1,889
IN,890,2,109466215173000,0,0,890
IN,891,1,109466215229208,0,1,891
IN,892,0,109466215286000,0,1,892
IN,893,0,109466215355708,0,1,893
IN,894,0,109466215411333,0,1,894
IN,895,1,109466215467458,0,1,895
IN,896,2,109466215528625,0,0,896
IN,897,1,109466215583041,0,1,897
IN,898,2,109466215638166,0,0,898
IN,899,2,109466215707875,0,0,899
IN,900,1,109466215762500,0,1,900
IN,901,2,109466215818125,0,0,901
IN,902,1,109466215886666,0,1,902
IN,903,0,109466215942666,0,1,903
IN,904,2,109466215997458,0,0,904
IN,905,0,109466216052625,0,1,905
IN,906,0,109466216108750,0,1,906
IN,907,0,109466216165333,0,1,907
IN,908,2,109466216222375,0,0,908
IN,909,1,109466216278041,0,1,909
IN,910,0,109466216350916,0,1,910
IN,911,1,109466216404666,0,1,911
IN,912,1,109466216472833,0,1,912
IN,913,0,109466216528583,0,1,913
IN,914,0,109466216584666,0,1,914
IN,915,2,109466216638625,0,0,915
IN,916,1,109466216708250,0,1,916
IN,917,0,109466216763666,0,1,917
IN,918,0,109466216818500,0,1,918
IN,919,1,109466216873375,0,1,919
IN,920,1,109466217028083,0,1,920
IN,921,0,109466217091166,0,1,921
IN,922,1,109466217148958,0,1,922
IN,923,0,109466217205416,0,1,923
IN,924,2,109466217279708,0,1,924
IN,925,1,109466217337791,0,1,925
IN,926,2,109466217393250,0,1,926
IN,927,1,109466217692083,0,1,927
IN,928,0,109466217755875,0,1,928
IN,929,0,109466217825000,0,1,929
IN,930,1,109466217880166,0,1,930
IN,931,2,109466217936166,0,1,931
IN,932,1,109466217992041,0,1,932
IN,933,2,109466218062000,0,1,933
IN,934,2,109466218119916,0,1,934
IN,935,2,109466218174708,0,1,935
IN,936,1,109466218233125,0,1,936
IN,937,1,109466218304166,0,1,937
IN,938,2,109466218358208,0,1,938
IN,939,0,109466218414791,0,1,939
IN,940,0,109466218469958,0,1,940
IN,941,1,109466218539666,0,1,941
IN,942,2,109466218594833,0,1,942
IN,943,1,109466218649750,0,1,943
IN,944,1,109466218706000,0,1,944
IN,945,0,109466218774875,0,1,945
IN,946,0,109466218830000,0,1,946
IN,947,1,109466218884333,0,1,947
IN,948,2,109466218938250,0,1,948
IN,949,1,109466218994208,0,1,949
IN,950,2,109466219050500,0,1,950
IN,951,2,109466219106416,0,1,951
IN,952,1,109466219163916,0,1,952
IN,953,1,109466219224958,0,1,953
IN,954,0,109466219284000,0,1,954
IN,955,0,109466219341041,0,1,955
IN,956,1,109466219403333,0,1,956
IN,957,0,109466219461791,0,1,957
IN,958,0,109466219521875,0,1,958
IN,959,2,109466219582291,0,1,959
IN,960,1,109466219637708,0,1,960
IN,961,0,109466219693708,0,1,961
IN,962,1,109466219748916,0,1,962
IN,963,1,109466219803583,0,1,963
IN,964,1,109466219857958,0,1,964
IN,965,1,109466219912958,0,1,965
IN,966,2,109466219968625,0,1,966
IN,967,0,109466220024791,0,1,967
IN,968,2,109466220080541,0,1,968
IN,969,1,109466220136916,0,1,969
IN,970,2,109466220195791,0,1,970
IN,971,0,109466220251125,0,1,971
IN,972,1,109466220305583,0,1,972
IN,973,2,109466220362875,0,1,973
IN,974,0,109466220425875,0,1,974
IN,975,1,109466220748000,0,1,975
IN,976,1,109466220830416,0,1,976
IN,977,1,109466220891125,0,1,977
IN,978,0,109466220948583,0,1,978
IN,979,2,109466221005708,0,1,979
IN,980,0,109466221062958,0,1,980
IN,981,2,109466221447458,0,1,981
IN,982,0,109466221912750,0,1,982
IN,983,1,109466222571500,0,0,983
IN,984,1,109466223254833,0,1,984
IN,985,2,109466223545541,0,0,985
IN,986,2,109466224144791,0,0,986
IN,987,0,109466224653208,0,0,987
IN,988,0,109466224757083,0,1,988
IN,989,0,109466224827916,0,1,989
IN,990,1,109466224889708,0,0,990
IN,991,0,109466224949791,0,1,991
IN,992,2,109466225892958,0,0,992
IN,993,1,109466226164291,0,0,993
IN,994,2,109466227196375,0,0,994
IN,995,2,109466227434833,0,0,995
IN,996,2,109466228019041,0,0,996
IN,997,1,109466228387250,0,0,997
IN,998,1,109466228968916,0,0,998
IN,999,0,109466229615333,0,0,999
IN,1000,2,109466229774916,0,0,1000
OUT,18,2,109466068927666,109466069914916,0,1
OUT,51,2,109466077058625,109466077372416,0,2
OUT,66,0,109466078033958,109466078620833,0,3
OUT,67,2,109466078414958,109466079362708,0,4
OUT,68,0,109466079136458,109466080044416,0,5
OUT,69,0,109466079440958,109466080535250,0,6
OUT,70,2,109466079981291,109466081042541,0,7
OUT,71,2,109466080458208,109466081488583,0,8
OUT,72,2,109466080881166,109466081937083,0,9
OUT,73,0,109466081373666,109466082395250,0,10
OUT,74,2,109466081853250,109466082953125,0,11
OUT,75,0,109466082181458,109466083373666,0,12
OUT,76,0,109466082655125,109466084038250,0,13
OUT,77,1,109466083278833,109466084371041,0,14
OUT,78,0,109466083763958,109466084767791,0,15
OUT,79,1,109466084101958,109466085047750,0,16
OUT,80,0,109466084811041,109466085499333,0,17
OUT,81,1,109466085416166,109466085976750,0,18
OUT,85,2,109466086113250,109466086574625,0,19
OUT,86,0,109466086368750,109466086979000,0,20
OUT,87,2,109466086945458,109466087728958,0,21
OUT,88,1,109466087641583,109466088145458,0,22
OUT,89,1,109466087949083,109466088611375,0,23
OUT,90,0,109466088425625,109466089269250,0,24
OUT,91,1,109466089106333,109466089626125,0,25
OUT,95,2,109466089661125,109466089837833,0,26
OUT,102,0,109466090384166,109466090720208,0,27
OUT,103,0,109466090601791,109466091060166,0,28
OUT,107,0,109466091139583,109466091401500,0,29
OUT,115,2,109466091771250,109466091949750,0,30
OUT,141,2,109466092360958,109466092500291,0,31
OUT,143,0,109466092716208,109466093454208,0,32
OUT,144,1,109466093479916,109466093871666,0,33
OUT,145,2,109466093820083,109466094307166,0,34
OUT,146,2,109466094291666,109466094705083,0,35
OUT,147,0,109466094681250,109466095109833,0,36
OUT,148,1,109466095061708,109466095451791,0,37
OUT,149,1,109466095417458,109466095780166,0,38
OUT,150,1,109466095787833,109466096146875,0,39
OUT,151,2,109466095970125,109466096455250,0,40
OUT,165,0,109466096534000,109466096792166,0,41
OUT,175,0,109466097143250,109466097656416,0,42
OUT,176,0,109466097540500,109466098020125,0,43
OUT,177,2,109466097861875,109466099954208,0,44
OUT,178,0,109466099519916,109466100291125,0,45
OUT,179,0,109466099857166,109466100467541,0,46
OUT,180,2,109466100304666,109466100754750,0,47
OUT,183,1,109466100794125,109466100956416,0,48
OUT,184,1,109466101152833,109466101621833,0,49
OUT,185,0,109466101457166,109466101987125,0,50
OUT,188,2,109466101993791,109466102171000,0,51
OUT,205,2,109466102547708,109466102848000,0,52
OUT,206,2,109466102753125,109466103316000,0,53
OUT,207,1,109466103182625,109466103942583,0,54
OUT,208,0,109466103588166,109466104276750,0,55
OUT,209,0,109466104051166,109466104817333,0,56
OUT,210,0,109466104470541,109466105049541,0,57
OUT,211,0,109466104959958,109466105502958,0,58
OUT,212,1,109466105225833,109466106204416,0,59
OUT,213,2,109466105690750,109466106692958,0,60
OUT,214,2,109466106006500,109466107408291,0,61
OUT,215,0,109466106792750,109466107806958,0,62
OUT,216,2,109466107189791,109466108221083,0,63
OUT,217,1,109466107354083,109466108558583,0,64
OUT,218,1,109466107590500,109466109244333,0,65
OUT,219,2,109466107964583,109466109575708,0,66
OUT,220,0,109466108209833,109466109722791,0,67
OUT,221,1,109466108401708,109466110385166,0,68
OUT,222,0,109466108725541,109466110725916,0,69
OUT,223,0,109466108876250,109466111066791,0,70
OUT,224,2,109466109163208,109466111559166,0,71
OUT,225,1,109466109394833,109466112563416,0,72
OUT,226,1,109466109895166,109466113096208,0,73
OUT,227,0,109466110052708,109466114862750,0,74
OUT,228,2,109466110571750,109466115774833,0,75
OUT,229,0,109466110896416,109466116602916,0,76
OUT,230,2,109466111230583,109466117330625,0,77
OUT,231,2,109466111726083,109466118101458,0,78
OUT,232,0,109466112168333,109466118452708,0,79
OUT,233,0,109466112316875,109466119037541,0,80
OUT,234,1,109466112709916,109466119460375,0,81
OUT,235,0,109466113005666,109466120275750,0,82
OUT,236,2,109466113315291,109466120699708,0,83
OUT,237,0,109466113464041,109466122360250,0,84
OUT,238,0,109466113596958,109466122901458,0,85
OUT,239,2,109466113750833,109466123327625,0,86
OUT,240,0,109466113883125,109466123620125,0,87
OUT,241,2,109466114785416,109466123793291,0,88
OUT,242,0,109466115180875,109466124252083,0,89
OUT,243,1,109466115381333,109466124416583,0,90
OUT,244,0,109466124546875,109466124909583,1,130
OUT,245,1,109466115702000,109466125548125,0,91
OUT,246,0,109466116367750,109466126333625,0,92
OUT,247,2,109466116528666,109466126896583,0,93
OUT,248,2,109466116801750,109466127478375,0,94
OUT,249,1,109466117179875,109466127858416,0,95
OUT,250,0,109466117621541,109466128281833,0,96
OUT,251,1,109466117761625,109466128653708,0,97
OUT,252,2,109466117889250,109466129012750,0,98
OUT,253,1,109466118173208,109466129331333,0,99
OUT,254,0,109466125127166,109466130049500,1,132
OUT,255,1,109466118425833,109466130420416,0,100
OUT,256,1,109466118751458,109466130976208,0,101
OUT,257,2,109466119078750,109466131479875,0,102
OUT,258,0,109466119236333,109466132227666,0,103
OUT,259,2,109466119528875,109466133865916,0,104
OUT,260,1,109466119686000,109466134265541,0,105
OUT,261,0,109466119952583,109466136550208,0,106
OUT,262,2,109466120209291,109466137152583,0,107
OUT,263,2,109466120449833,109466140117208,0,108
OUT,264,0,109466125242666,109466140853583,1,133
OUT,265,2,109466120753083,109466141169916,0,109
OUT,266,2,109466120879208,109466141556500,0,110
OUT,267,1,109466121005000,109466141836375,0,111
OUT,268,0,109466121124666,109466142908375,0,112
OUT,269,1,109466121266166,109466143699000,0,113
OUT,270,2,109466121382458,109466143873000,0,114
OUT,271,2,109466121503041,109466145153791,0,115
OUT,272,2,109466121634375,109466145635916,0,116
OUT,273,2,109466121745583,109466145847291,0,117
OUT,274,0,109466126218416,109466146324333,1,136
OUT,275,0,109466121879375,109466146946291,0,118
OUT,276,0,109466122004375,109466147577208,0,119
OUT,277,0,109466122113583,109466148426208,0,120
OUT,278,2,109466122418708,109466148758000,0,121
OUT,279,1,109466122536958,109466149235458,0,122
OUT,280,0,109466122659958,109466150805416,0,123
OUT,281,0,109466122972666,109466151325833,0,124
OUT,282,1,109466123109041,109466151815041,0,125
OUT,283,0,109466123358125,109466152094916,0,126
OUT,284,0,109466126816541,109466152810291,1,137
OUT,285,0,109466123694500,109466153250833,0,127
OUT,286,1,109466123934000,109466153595500,0,128
OUT,287,2,109466124303333,109466154071791,0,129
OUT,288,2,109466124833791,109466159706208,0,131
OUT,289,1,109466125503000,109466160424875,0,134
OUT,290,1,109466125841500,109466161469083,0,135
OUT,291,1,109466127310541,109466162315000,0,138
OUT,292,2,109466128066750,109466163405458,0,140
OUT,293,2,109466128299333,109466164154916,0,141
OUT,294,0,109466127710916,109466164580916,1,139
OUT,295,1,109466128445375,109466165110208,0,142
OUT,296,1,109466128659083,109466165481958,0,143
OUT,297,1,109466128784208,109466166060041,0,144
OUT,298,1,109466128964625,109466166325833,0,145
OUT,299,2,109466129386500,109466166639541,0,147
OUT,300,1,109466129512583,109466166747958,0,148
OUT,301,1,109466131787541,109466168597625,0,155
OUT,302,2,109466131908125,109466168928791,0,156
OUT,303,1,109466132655083,109466169811208,0,160
OUT,304,0,109466129141666,109466170550041,1,146
OUT,305,1,109466132756416,109466171002416,0,161
OUT,306,1,109466132955541,109466171216416,0,163
OUT,307,1,109466133201125,109466173575875,0,165
OUT,308,1,109466133297416,109466179023375,0,166
OUT,309,1,109466133393041,109466182964833,0,167
OUT,310,2,109466133496208,109466183358958,0,168
OUT,311,2,109466133788291,109466184073958,0,169
OUT,312,1,109466134287166,109466184338625,0,170
OUT,313,1,109466134550875,109466188021250,0,172
OUT,314,2,109466129628708,109466189303666,1,149
OUT,315,2,109466135632916,109466190024750,0,183
OUT,316,2,109466136024333,109466198329958,0,187
OUT,317,2,109466136212416,109466199776375,0,189
OUT,318,2,109466136686625,109466202275916,0,191
OUT,319,2,109466136808416,109466202796458,0,192
OUT,320,2,109466136915708,109466203051708,0,193
OUT,321,2,109466137016166,109466205958375,0,194
OUT,322,2,109466137359291,109466206313708,0,196
OUT,323,2,109466137453458,109466208320666,0,197
OUT,324,0,109466129951833,109466210256041,1,150
OUT,325,2,109466137551583,109466212859833,0,198
OUT,326,2,109466137641458,109466213202375,0,199
OUT,327,2,109466137732333,109466213500208,0,200
OUT,328,0,109466138187916,109466217648541,0,205
OUT,329,2,109466138276000,109466221337333,0,206
OUT,330,2,109466138364541,109466221852333,0,207
OUT,331,0,109466138773250,109466222061458,0,209
OUT,332,2,109466138874041,109466222603208,0,210
OUT,333,0,109466138982750,109466223319666,0,211
OUT,334,0,109466130405000,109466223585208,1,151
OUT,335,0,109466139583541,109466224139791,0,213
OUT,336,2,109466140249250,109466224305708,0,215
OUT,337,2,109466140745208,109466224545541,0,217
OUT,338,0,109466141314583,109466225921958,0,218
OUT,339,2,109466141551750,109466226144625,0,219
OUT,340,0,109466141661500,109466227198291,0,220
OUT,341,0,109466142355458,109466227410875,0,221
OUT,342,2,109466142476916,109466228015625,0,222
OUT,343,1,109466142606500,109466228384333,0,223
OUT,344,0,109466130548458,109466228927666,1,152
OUT,345,1,109466142906083,109466229437541,0,224
OUT,346,1,109466143012125,109466229950333,0,225
OUT,347,2,109466143102125,109466230014291,0,226
OUT,348,1,109466143187125,109466230073750,0,227
OUT,349,1,109466143282875,109466230134500,0,228
OUT,350,0,109466143714666,109466230190083,0,229
OUT,351,0,109466143873375,109466230241333,0,230
OUT,352,1,109466143974791,109466230294875,0,231
OUT,353,2,109466144067000,109466230354791,0,232
OUT,354,0,109466131093666,109466230405291,1,153
OUT,355,1,109466144154833,109466230455958,0,233
OUT,356,1,109466144240458,109466230505125,0,234
OUT,357,1,109466144322625,109466230565625,0,235
OUT,358,0,109466144413583,109466230617666,0,236
OUT,359,0,109466144499916,109466230748500,0,237
OUT,360,2,109466144608916,109466230995000,0,238
OUT,361,0,109466144692291,109466231187291,0,239
OUT,362,1,109466145016708,109466231441333,0,240
OUT,363,1,109466145227416,109466231522625,0,241
OUT,364,0,109466131418916,109466231582458,1,154
OUT,365,2,109466145408583,109466231639541,0,242
OUT,366,1,109466145723333,109466231695375,0,243
OUT,367,0,109466146281375,109466231815791,0,244
OUT,368,1,109466146567708,109466232020250,0,245
OUT,369,1,109466146715500,109466232104083,0,246
OUT,370,2,109466146985791,109466232162166,0,247
OUT,371,1,109466147085125,109466232216958,0,248
OUT,372,2,109466147180958,109466232273041,0,249
OUT,373,2,109466147285541,109466232325541,0,250
OUT,374,0,109466132028250,109466232379708,1,157
OUT,375,1,109466147369708,109466232434291,0,251
OUT,376,2,109466147640791,109466232486750,0,252
OUT,377,1,109466147760083,109466232542333,0,253
OUT,378,1,109466147865916,109466232596541,0,254
OUT,379,0,109466148141166,109466232667791,0,255
OUT,380,1,109466148844000,109466232721208,0,256
OUT,381,2,109466149138625,109466232781583,0,257
OUT,382,0,109466149349208,109466232833625,0,258
OUT,383,2,109466149454083,109466232886250,0,259
OUT,384,0,109466132346708,109466232944750,1,158
OUT,385,2,109466150432500,109466233000625,0,260
OUT,386,0,109466151201750,109466233051583,0,261
OUT,387,1,109466151424166,109466233110125,0,262
OUT,388,0,109466151577625,109466233160833,0,263
OUT,389,0,109466151870916,109466233213291,0,264
OUT,390,1,109466152176458,109466233263250,0,265
OUT,391,1,109466152286375,109466233645375,0,266
OUT,392,0,109466152889791,109466233753000,0,267
OUT,393,0,109466153672625,109466233811291,0,268
OUT,394,0,109466132536208,109466233882666,1,159
OUT,395,0,109466154024041,109466233935416,0,269
OUT,396,0,109466154278958,109466234004791,0,270
OUT,397,0,109466154378708,109466234266708,0,271
OUT,398,0,109466154595291,109466234346000,0,272
OUT,399,0,109466154693333,109466234433000,0,273
OUT,400,2,109466154793041,109466234491375,0,274
OUT,401,2,109466154875291,109466234544250,0,275
OUT,402,0,109466155021458,109466234614208,0,276
OUT,403,2,109466155488375,109466234666333,0,281
OUT,404,0,109466132858541,109466235473708,1,162
OUT,405,1,109466155967291,109466235684625,0,287
OUT,406,2,109466156124083,109466235760166,0,289
OUT,407,2,109466156471125,109466235815000,0,292
OUT,408,2,109466156629750,109466235874041,0,294
OUT,409,2,109466156704208,109466235934291,0,295
OUT,410,1,109466156778541,109466236030041,0,296
OUT,411,1,109466156922375,109466236084875,0,298
OUT,412,2,109466156996291,109466236140666,0,299
OUT,413,1,109466157068833,109466236191791,0,300
OUT,414,0,109466133106916,109466236243875,1,164
OUT,415,2,109466157140625,109466236301583,0,301
OUT,416,1,109466157213125,109466236350083,0,302
OUT,417,1,109466157284291,109466236411833,0,303
OUT,418,2,109466157357500,109466236462291,0,304
OUT,419,2,109466157430375,109466236514000,0,305
OUT,420,1,109466157502041,109466236584666,0,306
OUT,421,1,109466159120333,109466236635750,0,307
OUT,422,1,109466159616416,109466236686416,0,308
OUT,423,2,109466159865083,109466236755708,0,309
OUT,424,0,109466134411916,109466236809625,1,171
OUT,425,2,109466160465458,109466236859166,0,310
OUT,426,1,109466160568000,109466236923166,0,311
OUT,427,0,109466160737083,109466236972458,0,313
OUT,428,2,109466160824791,109466237021791,0,314
OUT,429,2,109466160921083,109466237071083,0,315
OUT,430,2,109466161003291,109466237149250,0,316
OUT,431,0,109466161819541,109466237207041,0,320
OUT,432,0,109466161905041,109466237259625,0,321
OUT,433,0,109466162136833,109466237309041,0,324
OUT,434,0,109466134659958,109466237371208,1,173
OUT,435,0,109466162622291,109466237420625,0,327
OUT,436,0,109466162722291,109466237470041,0,328
OUT,437,0,109466162799791,109466237534291,0,329
OUT,438,0,109466162995375,109466237583291,0,331
OUT,439,0,109466163135375,109466237634291,0,333
OUT,440,1,109466163437750,109466237684625,0,334
OUT,441,1,109466164239041,109466237825416,0,335
OUT,442,1,109466164549541,109466237904458,0,336
OUT,443,2,109466164747166,109466237963083,0,337
OUT,444,0,109466134763250,109466238015208,1,174
OUT,445,2,109466164835000,109466238069791,0,338
OUT,446,0,109466165115708,109466238122666,0,339
OUT,447,1,109466165215250,109466238319458,0,340
OUT,448,0,109466165433916,109466238623500,0,341
OUT,449,0,109466165597041,109466238951791,0,342
OUT,450,1,109466165690375,109466239026583,0,343
OUT,451,1,109466165851791,109466239082666,0,344
OUT,452,2,109466165965125,109466239135208,0,345
OUT,453,0,109466166371041,109466239202166,0,346
OUT,454,1,109466134856083,109466239395208,1,175
OUT,455,2,109466166658083,109466239463916,0,347
OUT,456,2,109466166858833,109466239520166,0,348
OUT,457,0,109466166934833,109466239573541,0,349
OUT,458,1,109466167004250,109466240819166,0,350
OUT,459,1,109466167072958,109466241300750,0,351
OUT,460,0,109466167155333,109466241377833,0,352
OUT,461,2,109466167222416,109466241435458,0,353
OUT,462,2,109466167288750,109466241488375,0,354
OUT,463,2,109466167355541,109466241542666,0,355
OUT,464,1,109466134952000,109466241595416,1,176
OUT,465,2,109466167437500,109466241646750,0,356
OUT,466,0,109466167501833,109466241696375,0,357
OUT,467,2,109466167566708,109466241751750,0,358
OUT,468,0,109466167630583,109466241813416,0,359
OUT,469,0,109466167708375,109466241869166,0,360
OUT,470,1,109466167773958,109466241922666,0,361
OUT,471,0,109466167838375,109466241992791,0,362
OUT,472,0,109466167939791,109466242044416,0,363
OUT,473,2,109466168142666,109466242098000,0,364
OUT,474,1,109466135051041,109466242149041,1,177
OUT,475,2,109466168240333,109466242201416,0,365
OUT,476,2,109466168740541,109466242252666,0,366
OUT,477,2,109466168978041,109466242303250,0,367
OUT,478,1,109466169063958,109466242353833,0,368
OUT,479,2,109466169139833,109466242404875,0,369
OUT,480,2,109466169223958,109466242678208,0,370
OUT,481,2,109466169302333,109466242743291,0,371
OUT,482,1,109466169385750,109466242800875,0,372
OUT,483,0,109466169809083,109466242855583,0,373
OUT,484,1,109466135145708,109466242909541,1,178
OUT,485,1,109466169911958,109466242981291,0,374
OUT,486,1,109466169990750,109466243039833,0,375
OUT,487,1,109466170073375,109466243148166,0,376
OUT,488,2,109466170145875,109466243222541,0,377
OUT,489,1,109466170219291,109466243282166,0,378
OUT,490,0,109466170298875,109466243572208,0,379
OUT,491,2,109466170367250,109466243834583,0,380
OUT,492,0,109466170572666,109466243988666,0,381
OUT,493,0,109466170674041,109466244065083,0,382
OUT,494,1,109466135241708,109466244119208,1,179
OUT,495,2,109466170754833,109466244171916,0,383
OUT,496,2,109466171083583,109466244276583,0,384
OUT,497,0,109466171509041,109466244328125,0,385
OUT,498,2,109466171604958,109466244396625,0,386
OUT,499,2,109466171679000,109466244446875,0,387
OUT,500,1,109466171749666,109466244496250,0,388
OUT,501,0,109466171814916,109466244550208,0,389
OUT,502,2,109466171880375,109466244601291,0,390
OUT,503,2,109466171944875,109466244652333,0,391
OUT,504,1,109466135347750,109466244701791,1,180
OUT,505,2,109466172006666,109466244750625,0,392
OUT,506,2,109466172071708,109466244804333,0,393
OUT,507,1,109466172165041,109466244855000,0,394
OUT,508,2,109466172228958,109466244905541,0,395
OUT,509,0,109466172291875,109466244954000,0,396
OUT,510,2,109466172365625,109466245002750,0,397
OUT,511,2,109466172426208,109466245052083,0,398
OUT,512,2,109466172486083,109466245100625,0,399
OUT,513,0,109466172561000,109466245149291,0,400
OUT,514,1,109466135441458,109466245198916,1,181
OUT,515,2,109466172621750,109466245247791,0,401
OUT,516,1,109466172682500,109466245298250,0,402
OUT,517,1,109466172758583,109466245347833,0,403
OUT,518,2,109466172818541,109466245396916,0,404
OUT,519,2,109466172927708,109466245448000,0,405
OUT,520,0,109466173003583,109466245565958,0,406
OUT,521,2,109466173064625,109466245764000,0,407
OUT,522,0,109466173166708,109466246003000,0,408
OUT,523,2,109466173615041,109466246085666,0,409
OUT,524,0,109466135538458,109466246141833,1,182
OUT,525,2,109466173701583,109466246201916,0,410
OUT,526,2,109466173780458,109466246257041,0,411
OUT,527,0,109466173843250,109466246308666,0,412
OUT,528,2,109466173906291,109466246358625,0,413
OUT,529,1,109466173970333,109466246417000,0,414
OUT,530,0,109466174044666,109466246532416,0,415
OUT,531,1,109466174107166,109466246770666,0,416
OUT,532,2,109466174168291,109466246852041,0,417
OUT,533,2,109466174229541,109466246942333,0,418
OUT,534,1,109466135737000,109466246998041,1,184
OUT,535,0,109466174304000,109466247064375,0,419
OUT,536,2,109466174365000,109466247114416,0,420
OUT,537,2,109466174426000,109466247164416,0,421
OUT,538,1,109466174486458,109466247215708,0,422
OUT,539,0,109466174560791,109466247268541,0,423
OUT,540,2,109466174620583,109466247384958,0,424
OUT,541,0,109466174682125,109466247568083,0,425
OUT,542,0,109466174845833,109466247650666,0,427
OUT,543,1,109466174905750,109466247710375,0,428
OUT,544,1,109466135827666,109466247764333,1,185
OUT,545,1,109466175790583,109466247832041,0,436
OUT,546,1,109466175959625,109466247883083,0,438
OUT,547,1,109466176029250,109466247950750,0,439
OUT,548,1,109466176098375,109466248002916,0,440
OUT,549,1,109466176166333,109466248052750,0,441
OUT,550,1,109466176230083,109466248118166,0,442
OUT,551,1,109466176357541,109466248170375,0,444
OUT,552,1,109466176419125,109466248220250,0,445
OUT,553,1,109466176498666,109466249763125,0,446
OUT,554,0,109466135929916,109466250113166,1,186
OUT,555,1,109466176702416,109466250193000,0,449
OUT,556,1,109466177071333,109466250247416,0,452
OUT,557,0,109466177141083,109466250298333,0,453
OUT,558,0,109466177213958,109466250350416,0,454
OUT,559,1,109466177277125,109466250402583,0,455
OUT,560,1,109466177415250,109466250452500,0,457
OUT,561,0,109466177535625,109466250517166,0,459
OUT,562,1,109466177671375,109466250565708,0,461
OUT,563,0,109466177931375,109466250997125,0,465
OUT,564,0,109466136118708,109466251156000,1,188
OUT,565,0,109466177993291,109466251233125,0,466
OUT,566,0,109466178202166,109466251441500,0,468
OUT,567,1,109466178414000,109466251509083,0,471
OUT,568,1,109466179304541,109466251563041,0,476
OUT,569,1,109466179368791,109466251614500,0,477
OUT,570,1,109466179507708,109466251666458,0,479
OUT,571,1,109466179628750,109466252084875,0,481
OUT,572,1,109466179763625,109466252227125,0,483
OUT,573,0,109466179856666,109466252290208,0,484
OUT,574,0,109466136324000,109466252841083,1,190
OUT,575,0,109466179922166,109466253081916,0,485
OUT,576,0,109466179982750,109466253163916,0,486
OUT,577,1,109466180054750,109466253219625,0,487
OUT,578,1,109466180175375,109466253270541,0,489
OUT,579,0,109466180234458,109466253320041,0,490
OUT,580,0,109466180357583,109466253369166,0,492
OUT,581,1,109466180417833,109466253472333,0,493
OUT,582,0,109466180662166,109466253521166,0,497
OUT,583,0,109466180846875,109466253569958,0,500
OUT,584,1,109466137260750,109466253618375,1,195
OUT,585,0,109466180909333,109466253667458,0,501
OUT,586,0,109466180970208,109466253729041,0,502
OUT,587,0,109466181209916,109466253776083,0,506
OUT,588,0,109466181270583,109466253823000,0,507
OUT,589,0,109466181652333,109466253871250,0,513
OUT,590,0,109466181711458,109466253933500,0,514
OUT,591,0,109466182373166,109466253982708,0,524
OUT,592,0,109466182432541,109466254031166,0,525
OUT,593,0,109466182565125,109466254079083,0,527
OUT,594,1,109466137821791,109466254145708,1,201
OUT,595,0,109466184277208,109466254192500,0,532
OUT,596,0,109466184498708,109466254239458,0,534
OUT,597,0,109466184857583,109466254287333,0,539
OUT,598,0,109466185108625,109466254348500,0,543
OUT,599,0,109466185230083,109466254397208,0,545
OUT,600,0,109466185289666,109466254444500,0,546
OUT,601,0,109466185485750,109466254492750,0,549
OUT,602,0,109466185560875,109466254541625,0,550
OUT,603,0,109466185738208,109466254590416,0,553
OUT,604,1,109466137922750,109466254649458,1,202
OUT,605,0,109466186127833,109466254698125,0,559
OUT,606,0,109466186189958,109466254760666,0,560
OUT,607,0,109466186254083,109466254807583,0,561
OUT,608,0,109466186314750,109466255001000,0,562
OUT,609,0,109466186506583,109466255222666,0,565
OUT,610,0,109466186699541,109466255373458,0,568
OUT,611,0,109466186876000,109466255431500,0,571
OUT,612,0,109466187165625,109466255486250,0,576
OUT,613,0,109466187277250,109466255542833,0,578
OUT,614,1,109466138009750,109466255634041,1,203
OUT,615,0,109466187392750,109466255695875,0,580
OUT,616,0,109466187560750,109466255749083,0,583
OUT,617,0,109466187838041,109466255797833,0,588
OUT,618,0,109466188133208,109466255864000,0,592
OUT,619,0,109466188358291,109466255911291,0,596
OUT,620,0,109466188561625,109466255962541,0,599
OUT,621,0,109466202157333,109466256023250,0,757
OUT,622,2,109466202518583,109466256072250,0,758
OUT,623,1,109466203274583,109466256121333,0,761
OUT,624,1,109466138099708,109466256168875,1,204
OUT,625,2,109466214261291,109466256231958,0,876
OUT,626,2,109466214550375,109466256279833,0,880
OUT,627,2,109466214608916,109466256329041,0,881
OUT,628,2,109466215048458,109466256376541,0,888
OUT,629,2,109466215173000,109466256458916,0,890
OUT,630,2,109466215528625,109466256505875,0,896
OUT,631,2,109466215638166,109466256553666,0,898
OUT,632,2,109466215707875,109466256601791,0,899
OUT,633,2,109466215818125,109466256648666,0,901
OUT,634,1,109466138670041,109466256695250,1,208
OUT,635,2,109466215997458,109466256742458,0,904
OUT,636,2,109466216222375,109466256804166,0,908
OUT,637,2,109466216638625,109466256852875,0,915
OUT,638,1,109466222571500,109466256905916,0,983
OUT,639,2,109466223545541,109466256953208,0,985
OUT,640,2,109466224144791,109466257000500,0,986
OUT,641,0,109466224653208,109466257047416,0,987
OUT,642,1,109466224889708,109466257094791,0,990
OUT,643,2,109466225892958,109466257157291,0,992
OUT,644,1,109466139095916,109466257205250,1,212
OUT,645,1,109466226164291,109466257252333,0,993
OUT,646,2,109466227196375,109466257299541,0,994
OUT,647,2,109466227434833,109466257346291,0,995
OUT,648,2,109466228019041,109466257392541,0,996
OUT,649,1,109466228387250,109466257440791,0,997
OUT,650,1,109466228968916,109466257503708,0,998
OUT,651,0,109466229615333,109466257551291,0,999
OUT,652,2,109466229774916,109466257613208,0,1000
OUT,653,1,109466140070458,109466257661458,1,214
OUT,654,1,109466140380916,109466257723041,1,216
OUT,655,0,109466155135208,109466257769750,1,277
OUT,656,0,109466155234291,109466257817291,1,278
OUT,657,0,109466155317458,109466257943958,1,279
OUT,658,0,109466155398416,109466258078875,1,280
OUT,659,0,109466155567458,109466258158291,1,282
OUT,660,0,109466155644458,109466258212250,1,283
OUT,661,0,109466155726791,109466258263500,1,284
OUT,662,0,109466155802750,109466258313291,1,285
OUT,663,0,109466155887958,109466258427375,1,286
OUT,664,0,109466156044083,109466258609333,1,288
OUT,665,0,109466156302708,109466258699541,1,290
OUT,666,0,109466156391791,109466258841583,1,291
OUT,667,0,109466156550958,109466258986083,1,293
OUT,668,0,109466156850333,109466259056625,1,297
OUT,669,1,109466160645375,109466259207791,1,312
OUT,670,1,109466161078208,109466259261750,1,317
OUT,671,1,109466161387458,109466259368500,1,318
OUT,672,1,109466161697458,109466259526041,1,319
OUT,673,2,109466161984250,109466259592541,1,322
OUT,674,2,109466162061625,109466259643875,1,323
OUT,675,2,109466162254416,109466259700125,1,325
OUT,676,2,109466162533708,109466259764541,1,326
OUT,677,2,109466162920958,109466259815458,1,330
OUT,678,2,109466163066208,109466259865083,1,332
OUT,679,2,109466174759666,109466259912875,1,426
OUT,680,2,109466174966958,109466259974250,1,429
OUT,681,0,109466175026416,109466260022375,1,430
OUT,682,0,109466175093125,109466260074708,1,431
OUT,683,0,109466175153500,109466260148000,1,432
OUT,684,2,109466175213708,109466260206583,1,433
OUT,685,0,109466175289541,109466260253958,1,434
OUT,686,2,109466175351166,109466260300541,1,435
OUT,687,2,109466175886166,109466260371875,1,437
OUT,688,2,109466176295625,109466260418500,1,443
OUT,689,2,109466176564916,109466260466250,1,447
OUT,690,2,109466176641083,109466260513125,1,448
OUT,691,2,109466176918708,109466260573125,1,450
OUT,692,2,109466176990625,109466260619791,1,451
OUT,693,2,109466177353208,109466260666500,1,456
OUT,694,2,109466177475583,109466260712666,1,458
OUT,695,2,109466177610875,109466260774791,1,460
OUT,696,2,109466177732000,109466260821750,1,462
OUT,697,2,109466177792083,109466260867833,1,463
OUT,698,2,109466177868583,109466260914666,1,464
OUT,699,2,109466178057750,109466260975250,1,467
OUT,700,2,109466178271958,109466261021208,1,469
OUT,701,2,109466178338458,109466261067083,1,470
OUT,702,2,109466178474708,109466261174916,1,472
OUT,703,2,109466178860708,109466261255083,1,473
OUT,704,2,109466179142291,109466261307000,1,474
OUT,705,2,109466179236833,109466261385291,1,475
OUT,706,2,109466179431750,109466261437250,1,478
OUT,707,2,109466179567666,109466261498958,1,480
OUT,708,2,109466179688250,109466261544875,1,482
OUT,709,2,109466180115208,109466261591125,1,488
OUT,710,2,109466180294333,109466261636916,1,491
OUT,711,2,109466180477791,109466261697125,1,494
OUT,712,1,109466180538666,109466261742333,1,495
OUT,713,1,109466180600958,109466261788958,1,496
OUT,714,2,109466180722125,109466261834333,1,498
OUT,715,2,109466180784833,109466261878916,1,499
OUT,716,2,109466181030333,109466261924708,1,503
OUT,717,1,109466181088625,109466261971625,1,504
OUT,718,1,109466181150000,109466262032291,1,505
OUT,719,1,109466181340708,109466262079291,1,508
OUT,720,1,109466181401916,109466262126333,1,509
OUT,721,1,109466181463958,109466262212791,1,510
OUT,722,1,109466181532500,109466262273333,1,511
OUT,723,2,109466181593208,109466262325000,1,512
OUT,724,1,109466181778333,109466262494833,1,515
OUT,725,1,109466181838625,109466262754333,1,516
OUT,726,1,109466181899041,109466262853416,1,517
OUT,727,1,109466181973875,109466262910083,1,518
OUT,728,1,109466182034250,109466262976958,1,519
OUT,729,1,109466182108333,109466263027458,1,520
OUT,730,1,109466182167500,109466263153208,1,521
OUT,731,2,109466182241541,109466263339500,1,522
OUT,732,1,109466182300666,109466263413041,1,523
OUT,733,1,109466182505583,109466263534666,1,526
OUT,734,2,109466182991291,109466263588791,1,528
OUT,735,1,109466183320291,109466263637708,1,529
OUT,736,1,109466183676333,109466263684791,1,530
OUT,737,2,109466183764333,109466263748291,1,531
OUT,738,1,109466184432333,109466263794791,1,533
OUT,739,2,109466184579125,109466263841416,1,535
OUT,740,1,109466184640250,109466263887416,1,536
OUT,741,1,109466184718208,109466263948083,1,537
OUT,742,2,109466184777625,109466263993583,1,538
OUT,743,2,109466184915958,109466264040291,1,540
OUT,744,2,109466184974875,109466264103583,1,541
OUT,745,1,109466185033708,109466264149500,1,542
OUT,746,1,109466185170500,109466264211166,1,544
OUT,747,2,109466185364875,109466264257708,1,547
OUT,748,1,109466185427375,109466264318541,1,548
OUT,749,2,109466185619583,109466264364541,1,551
OUT,750,1,109466185678500,109466264426208,1,552
OUT,751,2,109466185811916,109466264472625,1,554
OUT,752,2,109466185871125,109466264912500,1,555
OUT,753,1,109466185929541,109466265056083,1,556
OUT,754,1,109466185987041,109466265127958,1,557
OUT,755,2,109466186046041,109466265385291,1,558
OUT,756,1,109466186390500,109466265510250,1,563
OUT,757,2,109466186449291,109466265587041,1,564
OUT,758,1,109466186568875,109466265637083,1,566
OUT,759,2,109466186633833,109466265686708,1,567
OUT,760,2,109466186756708,109466266143458,1,569
OUT,761,2,109466186814958,109466266220750,1,570
OUT,762,2,109466186932916,109466266279583,1,572
OUT,763,2,109466186990333,109466266331583,1,573
OUT,764,1,109466187048583,109466266384166,1,574
OUT,765,1,109466187107875,109466266436000,1,575
OUT,766,1,109466187222208,109466266486416,1,577
OUT,767,2,109466187335375,109466266538916,1,579
OUT,768,1,109466187448583,109466266588833,1,581
OUT,769,2,109466187505041,109466266639625,1,582
OUT,770,2,109466187615916,109466266691791,1,584
OUT,771,2,109466187670750,109466266794666,1,585
OUT,772,2,109466187726291,109466266949958,1,586
OUT,773,2,109466187782500,109466267067208,1,587
OUT,774,2,109466187893708,109466267371958,1,589
OUT,775,2,109466187997166,109466267441208,1,590
OUT,776,2,109466188077833,109466267495083,1,591
OUT,777,1,109466188189708,109466267547083,1,593
OUT,778,2,109466188246291,109466267681791,1,594
OUT,779,2,109466188301916,109466267749583,1,595
OUT,780,2,109466188416458,109466267803208,1,597
OUT,781,2,109466188487500,109466267865375,1,598
OUT,782,2,109466188621791,109466267915958,1,600
OUT,783,2,109466188679583,109466267965166,1,601
OUT,784,0,109466188734583,109466268014500,1,602
OUT,785,2,109466188789166,109466268064708,1,603
OUT,786,0,109466188845166,109466268113583,1,604
OUT,787,1,109466188901250,109466268162833,1,605
OUT,788,2,109466188956958,109466268212291,1,606
OUT,789,1,109466189064958,109466268261000,1,607
OUT,790,0,109466189146166,109466268309708,1,608
OUT,791,0,109466189351000,109466268358708,1,609
OUT,792,2,109466189414291,109466268408000,1,610
OUT,793,0,109466189474000,109466268455666,1,611
OUT,794,0,109466189550666,109466268504083,1,612
OUT,795,0,109466189611583,109466268623750,1,613
OUT,796,1,109466189673291,109466268795208,1,614
OUT,797,0,109466189735916,109466268877625,1,615
OUT,798,1,109466189828083,109466268957458,1,616
OUT,799,1,109466189891541,109466269010083,1,617
OUT,800,2,109466190086291,109466269059333,1,618
OUT,801,0,109466190148125,109466269107875,1,619
OUT,802,0,109466190211250,109466269155958,1,620
OUT,803,1,109466190270041,109466269204625,1,621
OUT,804,2,109466190343333,109466269253750,1,622
OUT,805,0,109466190404041,109466269302375,1,623
OUT,806,1,109466190462583,109466269350041,1,624
OUT,807,2,109466190520916,109466269397958,1,625
OUT,808,2,109466190575541,109466269446333,1,626
OUT,809,2,109466190631541,109466269514375,1,627
OUT,810,1,109466190685875,109466269561833,1,628
OUT,811,0,109466190743500,109466269609375,1,629
OUT,812,2,109466190797000,109466269657791,1,630
OUT,813,2,109466190850916,109466269738125,1,631
OUT,814,1,109466190906458,109466269805708,1,632
OUT,815,0,109466190961458,109466269858208,1,633
OUT,816,0,109466191015791,109466269985458,1,634
OUT,817,1,109466191071916,109466270121208,1,635
OUT,818,0,109466191126791,109466270182666,1,636
OUT,819,0,109466191181208,109466270441500,1,637
OUT,820,1,109466191235708,109466270532625,1,638
OUT,821,1,109466191289333,109466270587125,1,639
OUT,822,1,109466191343375,109466270639083,1,640
OUT,823,1,109466191398416,109466270690583,1,641
OUT,824,0,109466191454291,109466270747416,1,642
OUT,825,1,109466191544208,109466270800291,1,643
OUT,826,1,109466191598750,109466270848916,1,644
OUT,827,2,109466191653000,109466270898625,1,645
OUT,828,1,109466191707625,109466270964208,1,646
OUT,829,0,109466191763416,109466271012708,1,647
OUT,830,2,109466191816208,109466271062041,1,648
OUT,831,0,109466191870875,109466271128750,1,649
OUT,832,1,109466191945291,109466271177916,1,650
OUT,833,0,109466191999750,109466271226791,1,651
OUT,834,1,109466192057333,109466271300291,1,652
OUT,835,2,109466192134500,109466271363708,1,653
OUT,836,1,109466192188708,109466271476875,1,654
OUT,837,2,109466192248208,109466271565125,1,655
OUT,838,0,109466192303833,109466271611416,1,656
OUT,839,1,109466192383500,109466271665791,1,657
OUT,840,0,109466192435875,109466271710125,1,658
OUT,841,1,109466192501750,109466271755708,1,659
OUT,842,1,109466192578375,109466271804458,1,660
OUT,843,2,109466192634875,109466271858458,1,661
OUT,844,1,109466192692375,109466271902791,1,662
OUT,845,1,109466192749625,109466271948791,1,663
OUT,846,2,109466192823458,109466271991875,1,664
OUT,847,2,109466192879416,109466272044208,1,665
OUT,848,1,109466192934291,109466272089208,1,666
OUT,849,0,109466192988375,109466272134083,1,667
OUT,850,0,109466193064250,109466272178458,1,668
OUT,851,1,109466193121708,109466272222083,1,669
OUT,852,0,109466193177583,109466272273041,1,670
OUT,853,0,109466193252000,109466272879166,1,671
OUT,854,1,109466193306875,109466272942375,1,672
OUT,855,0,109466193363916,109466272989916,1,673
OUT,856,1,109466193443166,109466273035416,1,674
OUT,857,1,109466193498750,109466273079625,1,675
OUT,858,2,109466193553666,109466273123583,1,676
OUT,859,1,109466193790291,109466273171166,1,677
OUT,860,0,109466193874708,109466273218666,1,678
OUT,861,1,109466193932875,109466273280625,1,679
OUT,862,1,109466193991250,109466273326333,1,680
OUT,863,0,109466194048750,109466273373541,1,681
OUT,864,1,109466194105833,109466273418958,1,682
OUT,865,2,109466194163125,109466273467250,1,683
OUT,866,0,109466194236291,109466273511875,1,684
OUT,867,1,109466194295416,109466273557625,1,685
OUT,868,0,109466194350750,109466273605833,1,686
OUT,869,1,109466194407000,109466273650000,1,687
OUT,870,0,109466194463916,109466273707541,1,688
OUT,871,0,109466194535125,109466273750625,1,689
OUT,872,1,109466194591791,109466273796750,1,690
OUT,873,1,109466194653625,109466273847333,1,691
OUT,874,1,109466194711500,109466273896708,1,692
OUT,875,0,109466194772041,109466273939958,1,693
OUT,876,2,109466194828750,109466273983666,1,694
OUT,877,2,109466194884416,109466274028625,1,695
OUT,878,1,109466194940375,109466274073541,1,696
OUT,879,1,109466194996791,109466274120833,1,697
OUT,880,0,109466195053583,109466274163791,1,698
OUT,881,2,109466195110500,109466274223541,1,699
OUT,882,0,109466195166666,109466274285583,1,700
OUT,883,1,109466195221875,109466274343666,1,701
OUT,884,0,109466195277125,109466274388375,1,702
OUT,885,0,109466195331333,109466274433375,1,703
OUT,886,2,109466195385291,109466274624750,1,704
OUT,887,0,109466195439500,109466274919541,1,705
OUT,888,0,109466195496166,109466275089666,1,706
OUT,889,1,109466195567666,109466275153791,1,707
OUT,890,2,109466195629833,109466275212583,1,708
OUT,891,0,109466195882958,109466275283708,1,709
OUT,892,0,109466196087750,109466275332166,1,710
OUT,893,2,109466196273708,109466275393916,1,711
OUT,894,1,109466196486875,109466275451375,1,712
OUT,895,1,109466196654375,109466275500958,1,713
OUT,896,2,109466196761333,109466275548958,1,714
OUT,897,0,109466196853833,109466275603916,1,715
OUT,898,1,109466196920000,109466275648500,1,716
OUT,899,2,109466196985500,109466275693375,1,717
OUT,900,2,109466197046625,109466275736416,1,718
OUT,901,1,109466197109166,109466275796916,1,719
OUT,902,0,109466197172541,109466275842333,1,720
OUT,903,0,109466197239166,109466275887333,1,721
OUT,904,2,109466197305625,109466275932291,1,722
OUT,905,1,109466197366333,109466275994166,1,723
OUT,906,2,109466197427000,109466276038875,1,724
OUT,907,0,109466197485625,109466276082333,1,725
OUT,908,1,109466197543875,109466276132708,1,726
OUT,909,1,109466197654666,109466276184708,1,727
OUT,910,2,109466197718000,109466276228750,1,728
OUT,911,0,109466197793541,109466276273375,1,729
OUT,912,1,109466197853125,109466276318208,1,730
OUT,913,2,109466197911416,109466276368916,1,731
OUT,914,0,109466197969708,109466276413708,1,732
OUT,915,1,109466198060291,109466276458666,1,733
OUT,916,0,109466198118125,109466276504041,1,734
OUT,917,2,109466198363208,109466276563583,1,735
OUT,918,2,109466198455083,109466276607916,1,736
OUT,919,1,109466198739750,109466276698583,1,737
OUT,920,0,109466198870791,109466276749041,1,738
OUT,921,2,109466198947708,109466276815125,1,739
OUT,922,0,109466199020375,109466276962833,1,740
OUT,923,0,109466199085458,109466277172833,1,741
OUT,924,0,109466199299708,109466277338666,1,742
OUT,925,2,109466199577833,109466277463250,1,743
OUT,926,1,109466200024166,109466277534625,1,744
OUT,927,2,109466200094416,109466277649416,1,745
OUT,928,2,109466200169125,109466277743625,1,746
OUT,929,2,109466200235875,109466277796166,1,747
OUT,930,0,109466200295083,109466277844875,1,748
OUT,931,1,109466200351583,109466277891291,1,749
OUT,932,0,109466200407833,109466277959208,1,750
OUT,933,0,109466200465916,109466278003833,1,751
OUT,934,2,109466200523125,109466278048625,1,752
OUT,935,0,109466200581125,109466278094583,1,753
OUT,936,2,109466200637541,109466278163000,1,754
OUT,937,2,109466200690916,109466278207916,1,755
OUT,938,1,109466200747875,109466278252208,1,756
OUT,939,0,109466203072541,109466278310750,1,759
OUT,940,2,109466203209666,109466278354250,1,760
OUT,941,1,109466203349708,109466278398583,1,762
OUT,942,2,109466203407291,109466278444541,1,763
OUT,943,0,109466203477208,109466278495166,1,764
OUT,944,1,109466203534291,109466278539458,1,765
OUT,945,0,109466203994333,109466278599458,1,766
OUT,946,1,109466204051833,109466278654291,1,767
OUT,947,1,109466204107166,109466278698916,1,768
OUT,948,0,109466204162583,109466278743791,1,769
OUT,949,1,109466204217208,109466278804500,1,770
OUT,950,1,109466204273125,109466278863875,1,771
OUT,951,1,109466204329041,109466278965833,1,772
OUT,952,0,109466204385791,109466279180875,1,773
OUT,953,0,109466204441416,109466279352416,1,774
OUT,954,2,109466204498291,109466279576958,1,775
OUT,955,0,109466205359041,109466279704541,1,776
OUT,956,0,109466205421083,109466279772041,1,777
OUT,957,1,109466205477541,109466279847958,1,778
OUT,958,0,109466205533208,109466279948708,1,779
OUT,959,2,109466205589125,109466280013333,1,780
OUT,960,2,109466205643916,109466280076666,1,781
OUT,961,2,109466205699000,109466280122333,1,782
OUT,962,2,109466205991166,109466280168416,1,783
OUT,963,1,109466206283666,109466280229833,1,784
OUT,964,2,109466206415041,109466280276041,1,785
OUT,965,1,109466206475750,109466280320625,1,786
OUT,966,0,109466206531458,109466280364333,1,787
OUT,967,2,109466206586583,109466280425958,1,788
OUT,968,2,109466206644416,109466280470166,1,789
OUT,969,1,109466206700458,109466280513791,1,790
OUT,970,2,109466206754583,109466280560500,1,791
OUT,971,1,109466206809541,109466280617208,1,792
OUT,972,1,109466206863250,109466280663750,1,793
OUT,973,0,109466206918083,109466280723875,1,794
OUT,974,1,109466206972250,109466280766833,1,795
OUT,975,0,109466207027208,109466280809791,1,796
OUT,976,0,109466207176958,109466280863125,1,797
OUT,977,1,109466207265375,109466280905833,1,798
OUT,978,0,109466207328041,109466280950041,1,799
OUT,979,2,109466207402000,109466281000541,1,800
OUT,980,0,109466207460375,109466281050875,1,801
OUT,981,2,109466207533583,109466281097791,1,802
OUT,982,1,109466207591041,109466281142291,1,803
OUT,983,2,109466207663000,109466281190791,1,804
OUT,984,0,109466207721000,109466281233833,1,805
OUT,985,2,109466207793125,109466281277666,1,806
OUT,986,0,109466207849500,109466281321291,1,807
OUT,987,1,109466208285416,109466281372000,1,808
OUT,988,2,109466208426250,109466281416166,1,809
OUT,989,2,109466208485083,109466281459833,1,810
OUT,990,2,109466208541083,109466281503833,1,811
OUT,991,2,109466208598458,109466281554458,1,812
OUT,992,0,109466208654750,109466281598333,1,813
OUT,993,1,109466208711625,109466281641708,1,814
OUT,994,2,109466208767166,109466281685416,1,815
OUT,995,2,109466208822833,109466281735500,1,816
OUT,996,0,109466208878125,109466281778958,1,817
OUT,997,0,109466208933833,109466281821500,1,818
OUT,998,2,109466208989666,109466281865708,1,819
OUT,999,2,109466209044833,109466281916083,1,820
OUT,1000,0,109466209100875,109466281958833,1,821
OUT,1001,0,109466209156041,109466282003375,1,822
OUT,1002,2,109466209210916,109466282046750,1,823
OUT,1003,0,109466209271583,109466282097166,1,824
OUT,1004,0,109466209331500,109466282140916,1,825
OUT,1005,0,109466209388250,109466282183500,1,826
OUT,1006,2,109466209500666,109466282227666,1,827
OUT,1007,2,109466209567291,109466282314375,1,828
OUT,1008,2,109466209643208,109466282363833,1,829
OUT,1009,1,109466209704083,109466282412583,1,830
OUT,1010,1,109466209761208,109466282457333,1,831
OUT,1011,0,109466209816625,109466282502375,1,832
OUT,1012,1,109466209888541,109466282554333,1,833
OUT,1013,1,109466209944666,109466282598750,1,834
OUT,1014,2,109466210002541,109466282643250,1,835
OUT,1015,0,109466210284583,109466282688000,1,836
OUT,1016,0,109466210354250,109466282741333,1,837
OUT,1017,0,109466210406875,109466282787083,1,838
OUT,1018,0,109466210488291,109466282837416,1,839
OUT,1019,1,109466210544791,109466283061708,1,840
OUT,1020,1,109466210880541,109466283323041,1,841
OUT,1021,2,109466210939583,109466283574833,1,842
OUT,1022,0,109466210997041,109466283731250,1,843
OUT,1023,2,109466211052875,109466283813833,1,844
OUT,1024,0,109466211112833,109466283922875,1,845
OUT,1025,1,109466211167708,109466284102625,1,846
OUT,1026,2,109466211222958,109466284165833,1,847
OUT,1027,1,109466211278125,109466284232000,1,848
OUT,1028,2,109466211335000,109466284279458,1,849
OUT,1029,1,109466211390625,109466284348250,1,850
OUT,1030,2,109466211445458,109466284394000,1,851
OUT,1031,0,109466211521791,109466284458500,1,852
OUT,1032,2,109466211579708,109466284504333,1,853
OUT,1033,0,109466211634625,109466284609958,1,854
OUT,1034,2,109466211716250,109466284671541,1,855
OUT,1035,2,109466211776333,109466284723333,1,856
OUT,1036,0,109466211834750,109466284776958,1,857
OUT,1037,0,109466211891916,109466284901541,1,858
OUT,1038,1,109466211953833,109466285272041,1,859
OUT,1039,2,109466212014791,109466285398083,1,860
OUT,1040,2,109466212114250,109466285465291,1,861
OUT,1041,1,109466212188000,109466285517208,1,862
OUT,1042,1,109466212250375,109466285573541,1,863
OUT,1043,0,109466212378791,109466285639041,1,864
OUT,1044,1,109466212870375,109466285687458,1,865
OUT,1045,0,109466213249708,109466285733583,1,866
OUT,1046,1,109466213558541,109466285832541,1,867
OUT,1047,1,109466213720916,109466285880916,1,868
OUT,1048,0,109466213785083,109466286016958,1,869
OUT,1049,1,109466213857750,109466286213166,1,870
OUT,1050,1,109466213915541,109466286303000,1,871
OUT,1051,0,109466213974041,109466286355750,1,872
OUT,1052,0,109466214030208,109466286406875,1,873
OUT,1053,1,109466214133791,109466286461750,1,874
OUT,1054,1,109466214189750,109466286511583,1,875
OUT,1055,1,109466214319916,109466286563125,1,877
OUT,1056,1,109466214377833,109466286611583,1,878
OUT,1057,0,109466214435458,109466286742833,1,879
OUT,1058,0,109466214665125,109466286792041,1,882
OUT,1059,1,109466214736041,109466286848458,1,883
OUT,1060,1,109466214794833,109466286923708,1,884
OUT,1061,0,109466214857458,109466286971708,1,885
OUT,1062,0,109466214911958,109466287365666,1,886
OUT,1063,1,109466214991750,109466287573291,1,887
OUT,1064,0,109466215103250,109466287644875,1,889
OUT,1065,1,109466215229208,109466287708416,1,891
OUT,1066,0,109466215286000,109466287757291,1,892
OUT,1067,0,109466215355708,109466287805166,1,893
OUT,1068,0,109466215411333,109466287850916,1,894
OUT,1069,1,109466215467458,109466287933000,1,895
OUT,1070,1,109466215583041,109466287992875,1,897
OUT,1071,1,109466215762500,109466288044875,1,900
OUT,1072,1,109466215886666,109466288093875,1,902
OUT,1073,0,109466215942666,109466288147000,1,903
OUT,1074,0,109466216052625,109466288195166,1,905
OUT,1075,0,109466216108750,109466288242458,1,906
OUT,1076,0,109466216165333,109466288292208,1,907
OUT,1077,1,109466216278041,109466288433541,1,909
OUT,1078,0,109466216350916,109466288501750,1,910
OUT,1079,1,109466216404666,109466288549416,1,911
OUT,1080,1,109466216472833,109466288597458,1,912
OUT,1081,0,109466216528583,109466288644041,1,913
OUT,1082,0,109466216584666,109466288705791,1,914
OUT,1083,1,109466216708250,109466288754583,1,916
OUT,1084,0,109466216763666,109466288801875,1,917
OUT,1085,0,109466216818500,109466288847541,1,918
OUT,1086,1,109466216873375,109466288908333,1,919
OUT,1087,1,109466217028083,109466288954833,1,920
OUT,1088,0,109466217091166,109466289000625,1,921
OUT,1089,1,109466217148958,109466289045750,1,922
OUT,1090,0,109466217205416,109466289105333,1,923
OUT,1091,2,109466217279708,109466289188583,1,924
OUT,1092,1,109466217337791,109466289235333,1,925
OUT,1093,2,109466217393250,109466289296125,1,926
OUT,1094,1,109466217692083,109466289340958,1,927
OUT,1095,0,109466217755875,109466289387958,1,928
OUT,1096,0,109466217825000,109466289434041,1,929
OUT,1097,1,109466217880166,109466289493000,1,930
OUT,1098,2,109466217936166,109466289538791,1,931
OUT,1099,1,109466217992041,109466289586166,1,932
OUT,1100,2,109466218062000,109466289631791,1,933
OUT,1101,2,109466218119916,109466289678041,1,934
OUT,1102,2,109466218174708,109466289723041,1,935
OUT,1103,1,109466218233125,109466289770916,1,936
OUT,1104,1,109466218304166,109466289835666,1,937
OUT,1105,2,109466218358208,109466289887416,1,938
OUT,1106,0,109466218414791,109466289934250,1,939
OUT,1107,0,109466218469958,109466289995625,1,940
OUT,1108,1,109466218539666,109466290054666,1,941
OUT,1109,2,109466218594833,109466290101541,1,942
OUT,1110,1,109466218649750,109466290355750,1,943
OUT,1111,1,109466218706000,109466290433083,1,944
OUT,1112,0,109466218774875,109466290484000,1,945
OUT,1113,0,109466218830000,109466290531666,1,946
OUT,1114,1,109466218884333,109466290579083,1,947
OUT,1115,2,109466218938250,109466290640916,1,948
OUT,1116,1,109466218994208,109466290686916,1,949
OUT,1117,2,109466219050500,109466290734208,1,950
OUT,1118,2,109466219106416,109466290794375,1,951
OUT,1119,1,109466219163916,109466290839708,1,952
OUT,1120,1,109466219224958,109466290885458,1,953
OUT,1121,0,109466219284000,109466290932791,1,954
OUT,1122,0,109466219341041,109466291163541,1,955
OUT,1123,1,109466219403333,109466291213541,1,956
OUT,1124,0,109466219461791,109466291344250,1,957
OUT,1125,0,109466219521875,109466291651083,1,958
OUT,1126,2,109466219582291,109466291729458,1,959
OUT,1127,1,109466219637708,109466291825541,1,960
OUT,1128,0,109466219693708,109466291962541,1,961
OUT,1129,1,109466219748916,109466292015583,1,962
OUT,1130,1,109466219803583,109466292093958,1,963
OUT,1131,1,109466219857958,109466292143958,1,964
OUT,1132,1,109466219912958,109466292192416,1,965
OUT,1133,2,109466219968625,109466292249875,1,966
OUT,1134,0,109466220024791,109466292310750,1,967
OUT,1135,2,109466220080541,109466292381291,1,968
OUT,1136,1,109466220136916,109466292482291,1,969
OUT,1137,2,109466220195791,109466292614291,1,970
OUT,1138,0,109466220251125,109466292769666,1,971
OUT,1139,1,109466220305583,109466292988250,1,972
OUT,1140,2,109466220362875,109466293215750,1,973
OUT,1141,0,109466220425875,109466293321958,1,974
OUT,1142,1,109466220748000,109466293393208,1,975
OUT,1143,1,109466220830416,109466293448541,1,976
OUT,1144,1,109466220891125,109466293499750,1,977
OUT,1145,0,109466220948583,109466293619583,1,978
OUT,1146,2,109466221005708,109466293698083,1,979
OUT,1147,0,109466221062958,109466293796916,1,980
OUT,1148,2,109466221447458,109466294017333,1,981
OUT,1149,0,109466221912750,109466294208416,1,982
OUT,1150,1,109466223254833,109466294384875,1,984
OUT,1151,0,109466224757083,109466294534833,1,988
OUT,1152,0,109466224827916,109466294601500,1,989
OUT,1153,0,109466224949791,109466294660666,1,991
