OUT,79,2,92760461619958,92760462026041,0,1
IN,1,2,92760461619958,92760462026041,0,1
IN,2,2,92760469282458,92760469632625,0,2
OUT,100,2,92760469282458,92760469632625,0,2
IN,3,2,92760470036375,0,0,3
OUT,102,2,92760470036375,92760470770375,0,3
IN,4,1,92760470630666,0,0,4
OUT,103,1,92760470630666,92760471437875,0,4
IN,5,2,92760471378083,0,0,5
OUT,104,2,92760471378083,92760471939000,0,5
IN,6,2,92760471889625,0,0,6
OUT,105,2,92760471889625,92760472468416,0,6
IN,7,0,92760472368916,0,0,7
OUT,106,0,92760472368916,92760472967875,0,7
IN,8,2,92760472957250,0,0,8
IN,9,2,92760473447416,0,0,9
OUT,107,2,92760472957250,92760473426666,0,8
IN,10,0,92760473949250,0,0,10
OUT,108,2,92760473447416,92760474655708,0,9
IN,11,2,92760474372500,0,0,11
OUT,109,0,92760473949250,92760475127208,0,10
IN,12,2,92760475032416,0,0,12
OUT,110,2,92760474372500,92760475710750,0,11
IN,13,1,92760475569791,0,0,13
OUT,111,2,92760475032416,92760476271375,0,12
IN,14,2,92760476173125,0,0,14
OUT,112,1,92760475569791,92760476671000,0,13
IN,15,2,92760476661333,0,0,15
OUT,113,2,92760476173125,92760477101666,0,14
IN,16,1,92760477006208,0,0,16
IN,17,1,92760477406416,0,0,17
OUT,114,2,92760476661333,92760477480875,0,15
IN,18,2,92760477706583,0,0,18
OUT,115,1,92760477006208,92760477932166,0,16
OUT,116,1,92760477406416,92760478370791,0,17
IN,19,2,92760478162583,0,0,19
OUT,117,2,92760477706583,92760478786166,0,18
IN,20,2,92760478680833,0,0,20
IN,21,1,92760479056208,0,0,21
IN,22,1,92760479357791,0,0,22
OUT,118,2,92760478162583,92760479160333,0,19
IN,23,2,92760479572583,0,0,23
IN,24,2,92760479819958,0,0,24
OUT,119,2,92760478680833,92760479913500,0,20
IN,25,2,92760480121416,0,0,25
OUT,120,1,92760479056208,92760480602000,0,21
IN,26,2,92760480456916,0,0,26
OUT,121,1,92760479357791,92760481219125,0,22
IN,27,2,92760481029958,0,0,27
IN,28,2,92760481679416,0,0,28
OUT,122,2,92760479572583,92760481680500,0,23
OUT,123,2,92760479819958,92760482190958,0,24
IN,29,0,92760481970125,0,0,29
OUT,124,2,92760480121416,92760482663416,0,25
IN,30,2,92760482695041,0,0,30
OUT,125,2,92760480456916,92760483027875,0,26
OUT,126,2,92760481029958,92760483209708,0,27
IN,31,2,92760483054291,0,0,31
IN,32,2,92760483659958,0,0,32
OUT,127,2,92760481679416,92760483685833,0,28
IN,33,2,92760484101916,0,0,33
OUT,128,0,92760481970125,92760484739500,0,29
IN,34,2,92760484582750,0,0,34
OUT,129,2,92760482695041,92760485146375,0,30
OUT,130,2,92760483054291,92760485331666,0,31
IN,35,2,92760485165083,0,0,35
IN,36,2,92760485647541,0,0,36
OUT,131,2,92760483659958,92760487084916,0,32
IN,37,0,92760487156500,0,0,37
OUT,132,2,92760484101916,92760487629500,0,33
IN,38,2,92760487550291,0,0,38
IN,39,2,92760487881291,0,0,39
OUT,133,2,92760484582750,92760487980500,0,34
IN,40,2,92760488188500,0,0,40
OUT,134,2,92760485165083,92760488384833,0,35
IN,41,2,92760488567458,0,0,41
IN,42,2,92760488808791,0,0,42
OUT,135,2,92760485647541,92760488867458,0,36
IN,43,2,92760489050416,0,0,43
OUT,136,0,92760487156500,92760489229833,0,37
OUT,137,2,92760487550291,92760489588583,0,38
IN,44,2,92760489407125,0,0,44
IN,45,1,92760489860208,0,0,45
OUT,138,2,92760487881291,92760489982041,0,39
OUT,139,2,92760488188500,92760490438000,0,40
IN,46,2,92760490212958,0,0,46
OUT,140,2,92760488567458,92760490830791,0,41
IN,47,2,92760490877500,0,0,47
IN,48,2,92760491298125,0,0,48
OUT,141,2,92760488808791,92760491134791,0,42
IN,49,2,92760491474458,0,0,49
OUT,142,2,92760489050416,92760491742500,0,43
IN,50,2,92760491797208,0,0,50
IN,51,2,92760492126958,0,0,51
OUT,143,2,92760489407125,92760492152625,0,44
IN,52,2,92760492342416,0,0,52
IN,53,2,92760492704166,0,0,53
OUT,144,1,92760489860208,92760492793041,0,45
IN,54,2,92760492976916,0,0,54
OUT,145,2,92760490212958,92760493145833,0,46
IN,55,2,92760493323458,0,0,55
IN,56,1,92760493524916,0,0,56
OUT,146,2,92760490877500,92760493724083,0,47
IN,57,1,92760494018833,0,0,57
IN,58,2,92760494492500,0,0,58
OUT,147,2,92760491298125,92760494632166,0,48
IN,59,2,92760494822250,0,0,59
OUT,148,2,92760491474458,92760495224958,0,49
IN,60,2,92760495416125,0,0,60
OUT,149,2,92760491797208,92760495952958,0,50
IN,61,2,92760496311000,0,0,61
OUT,150,2,92760492126958,92760496871041,0,51
IN,62,2,92760497061500,0,0,62
OUT,151,2,92760492342416,92760497290916,0,52
IN,63,2,92760497538916,0,0,63
IN,64,2,92760497830916,0,0,64
OUT,152,2,92760492704166,92760497894708,0,53
IN,65,2,92760498146000,0,0,65
OUT,153,2,92760492976916,92760498428291,0,54
IN,66,2,92760498634916,0,0,66
OUT,154,2,92760493323458,92760498810291,0,55
IN,67,2,92760498984666,0,0,67
OUT,155,1,92760493524916,92760499263375,0,56
IN,68,2,92760499439750,0,0,68
OUT,156,1,92760494018833,92760499678333,0,57
IN,69,2,92760499872500,0,0,69
IN,70,2,92760500221541,0,0,70
OUT,157,2,92760494492500,92760500309791,0,58
IN,71,2,92760500472791,0,0,71
IN,72,2,92760500770125,0,0,72
IN,73,2,92760501002208,0,0,73
OUT,158,2,92760494822250,92760500847000,0,59
IN,74,2,92760501158958,0,0,74
OUT,159,2,92760495416125,92760501407291,0,60
IN,75,2,92760501569000,0,0,75
OUT,160,2,92760496311000,92760503205041,0,61
OUT,161,2,92760497061500,92760503677833,0,62
IN,76,2,92760503509666,0,0,76
IN,77,2,92760504507291,0,0,77
IN,78,0,92760504965208,0,0,78
OUT,162,2,92760497538916,92760504640208,0,63
IN,79,2,92760505186291,0,0,79
IN,80,2,92760505585666,0,0,80
IN,81,2,92760505833000,0,0,81
IN,82,2,92760506098666,0,0,82
IN,83,0,92760506254750,0,0,83
OUT,163,2,92760497830916,92760505535875,0,64
IN,84,2,92760506467791,0,0,84
OUT,164,2,92760498146000,92760507187041,0,65
IN,85,2,92760506867958,0,0,85
OUT,165,2,92760498634916,92760507582833,0,66
IN,86,1,92760507638791,0,0,86
IN,87,2,92760508018875,0,0,87
OUT,166,2,92760498984666,92760508189625,0,67
IN,88,2,92760508414250,0,0,88
OUT,167,2,92760499439750,92760508924458,0,68
OUT,168,2,92760499872500,92760509152875,0,69
OUT,169,2,92760500221541,92760509300541,0,70
IN,89,2,92760509175583,0,0,89
IN,90,2,92760509795500,0,0,90
OUT,170,2,92760500472791,92760510193416,0,71
IN,91,2,92760509941333,0,0,91
OUT,171,2,92760500770125,92760510770666,0,72
IN,92,2,92760510616333,0,0,92
OUT,172,2,92760501002208,92760511478791,0,73
IN,93,0,92760511143291,0,0,93
IN,94,1,92760511877958,0,0,94
OUT,173,2,92760501158958,92760511854166,0,74
IN,95,2,92760512051750,0,0,95
OUT,174,2,92760501569000,92760512335541,0,75
IN,96,2,92760512439416,0,0,96
IN,97,2,92760512772166,0,0,97
OUT,175,2,92760503509666,92760512928583,0,76
IN,98,2,92760513416666,0,0,98
IN,99,0,92760513713666,0,0,99
OUT,176,2,92760504507291,92760513896541,0,77
IN,100,1,92760514140125,0,0,100
IN,101,2,92760514712750,0,0,101
OUT,177,0,92760504965208,92760514647375,0,78
IN,102,2,92760514910125,0,0,102
IN,103,2,92760515270333,0,0,103
IN,104,2,92760515407125,0,0,104
OUT,178,2,92760505186291,92760515193458,0,79
IN,105,2,92760515548291,0,0,105
OUT,179,2,92760505585666,92760515984208,0,80
IN,106,2,92760516104750,0,0,106
OUT,180,2,92760505833000,92760516542125,0,81
IN,107,2,92760516548916,0,0,107
OUT,181,2,92760506098666,92760516844541,0,82
IN,108,2,92760516899166,0,0,108
OUT,182,0,92760506254750,92760518295416,0,83
IN,109,2,92760517263541,0,0,109
OUT,183,2,92760506467791,92760518806666,0,84
IN,110,2,92760518822208,0,0,110
IN,111,0,92760519124791,0,0,111
OUT,184,2,92760506867958,92760518971583,0,85
IN,112,2,92760519240458,0,0,112
OUT,185,1,92760507638791,92760519548250,0,86
IN,113,2,92760519627666,0,0,113
IN,114,2,92760520021166,0,0,114
OUT,186,2,92760508018875,92760520141083,0,87
IN,115,2,92760520473416,0,0,115
IN,116,2,92760520822041,0,0,116
OUT,187,2,92760508414250,92760521058291,0,88
IN,117,2,92760521299333,0,0,117
IN,118,2,92760521600833,0,0,118
IN,119,2,92760522150000,0,0,119
OUT,188,2,92760509175583,92760521952041,0,89
IN,120,2,92760522300583,0,0,120
OUT,189,2,92760509795500,92760522813500,0,90
IN,121,2,92760522791250,0,0,121
IN,122,2,92760523155375,0,0,122
OUT,190,2,92760509941333,92760523233583,0,91
IN,123,2,92760523386541,0,0,123
IN,124,0,92760523661916,0,0,124
OUT,191,2,92760510616333,92760523608125,0,92
IN,125,2,92760523813125,0,0,125
IN,126,2,92760524130666,0,0,126
IN,127,2,92760524389541,0,0,127
OUT,192,0,92760511143291,92760524241041,0,93
IN,128,2,92760524516208,0,0,128
IN,129,2,92760524816875,0,0,129
OUT,193,1,92760511877958,92760524780125,0,94
IN,130,2,92760524951458,0,0,130
IN,131,2,92760525211083,0,0,131
OUT,194,2,92760512051750,92760525276625,0,95
IN,132,2,92760525502666,0,0,132
OUT,195,2,92760512439416,92760525787833,0,96
OUT,196,2,92760512772166,92760526385458,0,97
IN,133,2,92760526245916,0,0,133
OUT,197,2,92760513416666,92760526730875,0,98
IN,134,2,92760526902458,0,0,134
OUT,198,0,92760513713666,92760526966500,0,99
IN,135,2,92760527121666,0,0,135
IN,136,2,92760527374958,0,0,136
IN,137,2,92760527634250,0,0,137
OUT,199,1,92760514140125,92760527485750,0,100
IN,138,2,92760527792458,0,0,138
OUT,200,2,92760514712750,92760527852458,0,101
IN,139,2,92760527990125,0,0,139
IN,140,2,92760528244666,0,0,140
OUT,201,2,92760514910125,92760528223583,0,102
IN,141,2,92760528395041,0,0,141
IN,142,2,92760528692583,0,0,142
IN,143,2,92760528820833,0,0,143
OUT,202,2,92760515270333,92760528607875,0,103
IN,144,2,92760529095458,0,0,144
OUT,203,2,92760515407125,92760529332500,0,104
IN,145,2,92760529269583,0,0,145
IN,146,2,92760530282958,0,0,146
IN,147,0,92760530509125,0,0,147
OUT,204,2,92760515548291,92760530322750,0,105
IN,148,2,92760530767041,0,0,148
IN,149,2,92760531138458,0,0,149
OUT,205,2,92760516104750,92760531116625,0,106
IN,150,2,92760531279708,0,0,150
IN,151,2,92760531608291,0,0,151
IN,152,2,92760531740583,0,0,152
OUT,206,2,92760516548916,92760531519166,0,107
IN,153,2,92760531861875,0,0,153
IN,154,2,92760532318541,0,0,154
OUT,207,2,92760516899166,92760532236583,0,108
IN,155,2,92760532451000,0,0,155
OUT,208,2,92760517263541,92760532742083,0,109
IN,156,0,92760533018583,0,0,156
OUT,209,2,92760518822208,92760533141916,0,110
IN,157,1,92760533285875,0,0,157
OUT,210,0,92760519124791,92760533492208,0,111
IN,158,0,92760533623125,0,0,158
OUT,211,2,92760519240458,92760533750375,0,112
IN,159,2,92760533882458,0,0,159
IN,160,2,92760534146416,0,0,160
OUT,212,2,92760519627666,92760534446291,0,113
IN,161,2,92760534260458,0,0,161
OUT,213,2,92760520021166,92760534809083,0,114
IN,162,2,92760534857958,0,0,162
IN,163,0,92760535162083,0,0,163
IN,164,2,92760535266583,0,0,164
IN,165,2,92760535360208,0,0,165
OUT,214,2,92760520473416,92760535113208,0,115
IN,166,2,92760535456666,0,0,166
IN,167,2,92760535674875,0,0,167
IN,168,2,92760535788000,0,0,168
OUT,215,2,92760520822041,92760535559500,0,116
IN,169,2,92760535891333,0,0,169
IN,170,2,92760536103250,0,0,170
IN,171,0,92760536393625,0,0,171
OUT,216,2,92760521299333,92760536086041,0,117
IN,172,2,92760536525208,0,0,172
IN,173,2,92760536863791,0,0,173
OUT,217,2,92760521600833,92760536927291,0,118
IN,174,2,92760537174125,0,0,174
IN,175,2,92760537401500,0,0,175
IN,176,2,92760537496875,0,0,176
OUT,218,2,92760522150000,92760537302625,0,119
IN,177,2,92760537615833,0,0,177
IN,178,1,92760537951208,0,0,178
OUT,219,2,92760522300583,92760537890375,0,120
OUT,220,2,92760522791250,92760538381166,0,121
IN,179,2,92760538113125,0,0,179
IN,180,2,92760538861583,0,0,180
OUT,221,2,92760523155375,92760538733125,0,122
IN,181,2,92760539094750,0,0,181
OUT,222,2,92760523386541,92760539446875,0,123
IN,182,2,92760539711750,0,0,182
OUT,223,0,92760523661916,92760539846083,0,124
IN,183,2,92760540001500,0,0,183
OUT,224,2,92760523813125,92760540071916,0,125
IN,184,2,92760540200041,0,0,184
OUT,225,2,92760524130666,92760540316375,0,126
IN,185,2,92760540459041,0,0,185
OUT,226,2,92760524389541,92760540645000,0,127
OUT,227,2,92760524516208,92760542238916,0,128
IN,186,2,92760540835291,0,0,186
IN,187,1,92760542635750,0,0,187
OUT,228,2,92760524816875,92760542682166,0,129
IN,188,2,92760542881083,0,0,188
OUT,229,2,92760524951458,92760543165083,0,130
IN,189,2,92760543209375,0,0,189
IN,190,2,92760543503958,0,0,190
OUT,230,2,92760525211083,92760543551708,0,131
IN,191,2,92760543755500,0,0,191
OUT,231,2,92760525502666,92760544277833,0,132
IN,192,1,92760543987583,0,0,192
IN,193,2,92760544600500,0,0,193
OUT,232,2,92760526245916,92760544540333,0,133
IN,194,2,92760544736333,0,0,194
IN,195,2,92760544981333,0,0,195
OUT,233,2,92760526902458,92760544950541,0,134
IN,196,2,92760545094166,0,0,196
IN,197,2,92760545248583,0,0,197
OUT,234,2,92760527121666,92760545275041,0,135
IN,198,2,92760545420416,0,0,198
OUT,235,2,92760527374958,92760545561750,0,136
IN,199,2,92760545698250,0,0,199
IN,200,2,92760545973041,0,0,200
IN,201,2,92760546087833,0,0,201
OUT,236,2,92760527634250,92760545937958,0,137
IN,202,2,92760546210541,0,0,202
IN,203,1,92760546438791,0,0,203
OUT,237,2,92760527792458,92760546299375,0,138
IN,204,2,92760546531875,0,0,204
OUT,238,2,92760527990125,92760546831416,0,139
IN,205,2,92760546913583,0,0,205
IN,206,2,92760547128791,0,0,206
OUT,239,2,92760528244666,92760547011458,0,140
IN,207,0,92760547307041,0,0,207
IN,208,2,92760547654625,0,0,208
OUT,240,2,92760528395041,92760547527041,0,141
IN,209,2,92760547841875,0,0,209
IN,210,0,92760548178208,0,0,210
OUT,241,2,92760528692583,92760548101166,0,142
IN,211,2,92760548292875,0,0,211
OUT,242,2,92760528820833,92760548397625,0,143
IN,212,2,92760548521625,0,0,212
IN,213,2,92760548829375,0,0,213
OUT,243,2,92760529095458,92760548749916,0,144
IN,214,2,92760548986750,0,0,214
OUT,244,2,92760529269583,92760549104083,0,145
IN,215,2,92760549258833,0,0,215
OUT,245,2,92760530282958,92760549426208,0,146
IN,216,2,92760549510958,0,0,216
OUT,246,0,92760530509125,92760549632208,0,147
IN,217,2,92760549763750,0,0,217
OUT,247,2,92760530767041,92760549863458,0,148
IN,218,2,92760549991666,0,0,218
IN,219,2,92760550196541,0,0,219
IN,220,2,92760550277250,0,0,220
OUT,248,2,92760531138458,92760550153083,0,149
IN,221,2,92760550380333,0,0,221
OUT,249,2,92760531279708,92760550492625,0,150
IN,222,0,92760550621708,0,0,222
OUT,250,2,92760531608291,92760550784916,0,151
IN,223,2,92760550909875,0,0,223
IN,224,2,92760551200250,0,0,224
OUT,251,2,92760531740583,92760551092666,0,152
IN,225,2,92760551339916,0,0,225
IN,226,1,92760551601541,0,0,226
OUT,252,2,92760531861875,92760551519041,0,153
IN,227,2,92760551717500,0,0,227
IN,228,2,92760552146916,0,0,228
IN,229,2,92760552344583,0,0,229
IN,230,2,92760552452083,0,0,230
OUT,253,2,92760532318541,92760552177708,0,154
IN,231,0,92760552556250,0,0,231
OUT,254,2,92760532451000,92760552663375,0,155
OUT,255,0,92760533018583,92760552934875,0,156
IN,232,2,92760552803708,0,0,232
IN,233,2,92760553339583,0,0,233
IN,234,2,92760553558083,0,0,234
IN,235,2,92760553760458,0,0,235
IN,236,2,92760553867291,0,0,236
OUT,256,1,92760533285875,92760553374625,0,157
IN,237,2,92760553973166,0,0,237
IN,238,2,92760554381500,0,0,238
IN,239,2,92760554830750,0,0,239
OUT,257,0,92760533623125,92760554490833,0,158
OUT,258,2,92760533882458,92760555323333,0,159
OUT,259,2,92760534146416,92760555774625,0,160
IN,240,2,92760554995625,0,0,240
IN,241,2,92760556192208,0,0,241
OUT,260,2,92760534260458,92760556126875,0,161
IN,242,2,92760556315833,0,0,242
OUT,261,2,92760534857958,92760556531458,0,162
IN,243,2,92760556612666,0,0,243
IN,244,2,92760556920375,0,0,244
OUT,262,0,92760535162083,92760556848958,0,163
IN,245,2,92760557041416,0,0,245
IN,246,2,92760557349750,0,0,246
OUT,263,2,92760535266583,92760557279416,0,164
IN,247,2,92760557457916,0,0,247
OUT,264,2,92760535360208,92760557679208,0,165
IN,248,2,92760557735750,0,0,248
IN,249,1,92760557982166,0,0,249
IN,250,2,92760558065875,0,0,250
OUT,265,2,92760535456666,92760557866500,0,166
IN,251,1,92760558232916,0,0,251
IN,252,2,92760558469583,0,0,252
OUT,266,2,92760535674875,92760558345625,0,167
IN,253,2,92760558570416,0,0,253
IN,254,2,92760558825041,0,0,254
IN,255,2,92760558911541,0,0,255
IN,256,2,92760558994083,0,0,256
IN,257,2,92760559083833,0,0,257
IN,258,2,92760559165666,0,0,258
IN,259,2,92760559244250,0,0,259
OUT,267,2,92760535788000,92760558722500,0,168
IN,260,2,92760559321208,0,0,260
IN,261,1,92760559479333,0,0,261
OUT,268,2,92760535891333,92760559504708,0,169
IN,262,1,92760559621500,0,0,262
OUT,269,2,92760536103250,92760559722583,0,170
IN,263,2,92760559840000,0,0,263
IN,264,2,92760560027708,0,0,264
IN,265,2,92760560142666,0,0,265
IN,266,1,92760560220083,0,0,266
IN,267,2,92760560295875,0,0,267
IN,268,2,92760560370291,0,0,268
IN,269,2,92760560444125,0,0,269
IN,270,2,92760560522916,0,0,270
OUT,270,0,92760536393625,92760559927166,0,171
IN,271,2,92760560597375,0,0,271
IN,272,1,92760560804875,0,0,272
IN,273,1,92760560885083,0,0,273
IN,274,2,92760560983375,0,0,274
IN,275,2,92760561070041,0,0,275
IN,276,2,92760561145625,0,0,276
IN,277,2,92760562788250,0,0,277
IN,278,2,92760562894541,0,0,278
OUT,271,2,92760536525208,92760560702208,0,172
IN,279,2,92760562972458,0,0,279
IN,280,0,92760563425833,0,0,280
IN,281,2,92760563519208,0,0,281
IN,282,2,92760563594000,0,0,282
IN,283,2,92760563666125,0,0,283
IN,284,1,92760563734333,0,0,284
OUT,272,2,92760536863791,92760563396625,0,173
IN,285,2,92760563826791,0,0,285
IN,286,2,92760564173208,0,0,286
IN,287,1,92760564271875,0,0,287
IN,288,2,92760564353666,0,0,288
IN,289,2,92760564447458,0,0,289
IN,290,1,92760564523750,0,0,290
OUT,273,2,92760537174125,92760564151583,0,174
IN,291,2,92760564686250,0,0,291
IN,292,2,92760564843083,0,0,292
IN,293,2,92760564950958,0,0,293
IN,294,2,92760565023000,0,0,294
IN,295,2,92760565089208,0,0,295
IN,296,2,92760565155000,0,0,296
IN,297,2,92760565223000,0,0,297
IN,298,2,92760565285291,0,0,298
IN,299,1,92760565348791,0,0,299
IN,300,2,92760565417458,0,0,300
IN,301,2,92760565499041,0,0,301
IN,302,1,92760565564583,0,0,302
IN,303,2,92760565633541,0,0,303
IN,304,2,92760565703125,0,0,304
IN,305,0,92760565793166,0,0,305
IN,306,2,92760565858666,0,0,306
IN,307,2,92760565979833,0,0,307
IN,308,2,92760566052750,0,0,308
IN,309,2,92760566117208,0,0,309
OUT,274,2,92760537401500,92760564863666,0,175
IN,310,2,92760566194125,0,0,310
IN,311,2,92760566393666,0,0,311
IN,312,2,92760566472250,0,0,312
IN,313,0,92760566552791,0,0,313
IN,314,2,92760566615541,0,0,314
IN,315,0,92760566679041,0,0,315
IN,316,2,92760566745250,0,0,316
IN,317,2,92760566825916,0,0,317
IN,318,1,92760566889583,0,0,318
IN,319,1,92760566953625,0,0,319
IN,320,1,92760567031541,0,0,320
IN,321,2,92760567099625,0,0,321
IN,322,1,92760567164166,0,0,322
IN,323,2,92760567226333,0,0,323
IN,324,2,92760567288125,0,0,324
IN,325,2,92760567350291,0,0,325
IN,326,2,92760567430000,0,0,326
IN,327,1,92760567493416,0,0,327
IN,328,1,92760567556458,0,0,328
IN,329,2,92760567634250,0,0,329
IN,330,2,92760567696083,0,0,330
IN,331,1,92760567771916,0,0,331
IN,332,2,92760567837041,0,0,332
IN,333,2,92760567915458,0,0,333
OUT,275,2,92760537496875,92760566363458,0,176
IN,334,2,92760567981791,0,0,334
IN,335,2,92760569381625,0,0,335
IN,336,0,92760569478583,0,0,336
OUT,276,2,92760537615833,92760569540000,0,177
OUT,277,1,92760537951208,92760570607666,0,178
IN,337,1,92760570099375,0,0,337
IN,338,2,92760571058875,0,0,338
IN,339,1,92760571223416,0,0,339
IN,340,2,92760571518125,0,0,340
IN,341,2,92760571609750,0,0,341
IN,342,2,92760571685000,0,0,342
IN,343,2,92760571767750,0,0,343
IN,344,2,92760571898583,0,0,344
IN,345,2,92760571981458,0,0,345
IN,346,2,92760572066958,0,0,346
IN,347,2,92760572131666,0,0,347
IN,348,2,92760572194500,0,0,348
IN,349,2,92760572262875,0,0,349
IN,350,2,92760572330291,0,0,350
IN,351,1,92760572561375,0,0,351
IN,352,2,92760572631291,0,0,352
IN,353,2,92760572710750,0,0,353
IN,354,2,92760572771291,0,0,354
IN,355,2,92760572832125,0,0,355
IN,356,0,92760572892833,0,0,356
IN,357,0,92760572967166,0,0,357
IN,358,2,92760573025583,0,0,358
IN,359,2,92760573085166,0,0,359
IN,360,2,92760573144958,0,0,360
IN,361,2,92760573221833,0,0,361
IN,362,2,92760573283541,0,0,362
IN,363,1,92760573343166,0,0,363
IN,364,2,92760573407875,0,0,364
IN,365,2,92760573483625,0,0,365
IN,366,2,92760573544750,0,0,366
IN,367,1,92760573606083,0,0,367
IN,368,1,92760573667708,0,0,368
IN,369,2,92760573742625,0,0,369
IN,370,2,92760573803125,0,0,370
IN,371,2,92760573863500,0,0,371
IN,372,2,92760573923791,0,0,372
IN,373,2,92760574043458,0,0,373
IN,374,2,92760574105208,0,0,374
IN,375,0,92760574164875,0,0,375
IN,376,2,92760574223875,0,0,376
IN,377,1,92760574297875,0,0,377
IN,378,2,92760574357416,0,0,378
IN,379,2,92760574414833,0,0,379
IN,380,2,92760574474416,0,0,380
IN,381,2,92760574548958,0,0,381
IN,382,2,92760574607583,0,0,382
IN,383,2,92760574667375,0,0,383
OUT,278,2,92760538113125,92760570850083,0,179
IN,384,2,92760574727333,0,0,384
IN,385,0,92760575048375,0,0,385
IN,386,2,92760575183291,0,0,386
IN,387,2,92760575272166,0,0,387
OUT,279,2,92760538861583,92760575092708,0,180
IN,388,2,92760575338666,0,0,388
IN,389,2,92760575702416,0,0,389
OUT,280,2,92760539094750,92760575739416,0,181
IN,390,2,92760575881000,0,0,390
IN,391,2,92760576247750,0,0,391
IN,392,2,92760576354625,0,0,392
IN,393,2,92760576426291,0,0,393
IN,394,2,92760576490125,0,0,394
IN,395,0,92760576552833,0,0,395
IN,396,2,92760576631791,0,0,396
IN,397,2,92760576693458,0,0,397
IN,398,2,92760576754958,0,0,398
IN,399,2,92760576818375,0,0,399
IN,400,2,92760576897208,0,0,400
IN,401,2,92760576960666,0,0,401
IN,402,1,92760577021750,0,0,402
IN,403,2,92760577083625,0,0,403
IN,404,2,92760577158708,0,0,404
IN,405,2,92760577218916,0,0,405
IN,406,2,92760577278583,0,0,406
IN,407,0,92760577340708,0,0,407
IN,408,2,92760577401500,0,0,408
IN,409,2,92760577460750,0,0,409
IN,410,2,92760577520875,0,0,410
IN,411,2,92760577581375,0,0,411
IN,412,0,92760577641958,0,0,412
IN,413,2,92760577703208,0,0,413
IN,414,1,92760577780791,0,0,414
IN,415,2,92760577876708,0,0,415
IN,416,2,92760577973916,0,0,416
IN,417,2,92760578047000,0,0,417
IN,418,2,92760578111250,0,0,418
IN,419,0,92760578176166,0,0,419
IN,420,2,92760578238833,0,0,420
IN,421,2,92760578313916,0,0,421
IN,422,2,92760578371958,0,0,422
IN,423,2,92760578434375,0,0,423
IN,424,2,92760578494125,0,0,424
IN,425,2,92760578550833,0,0,425
IN,426,2,92760578610541,0,0,426
IN,427,2,92760578677458,0,0,427
IN,428,2,92760578737916,0,0,428
IN,429,2,92760578799000,0,0,429
IN,430,2,92760578860166,0,0,430
IN,431,2,92760578918833,0,0,431
IN,432,2,92760578981125,0,0,432
IN,433,2,92760579042333,0,0,433
IN,434,2,92760579104791,0,0,434
IN,435,0,92760579180541,0,0,435
IN,436,2,92760579241041,0,0,436
IN,437,2,92760579301875,0,0,437
IN,438,2,92760579377375,0,0,438
IN,439,2,92760579443041,0,0,439
IN,440,2,92760579505416,0,0,440
IN,441,2,92760579566000,0,0,441
IN,442,2,92760579640333,0,0,442
IN,443,2,92760579701708,0,0,443
IN,444,2,92760579766166,0,0,444
IN,445,2,92760579828000,0,0,445
IN,446,0,92760579905875,0,0,446
IN,447,0,92760579965500,0,0,447
IN,448,0,92760580025458,0,0,448
IN,449,2,92760580086291,0,0,449
IN,450,2,92760580161375,0,0,450
IN,451,2,92760580220333,0,0,451
IN,452,0,92760580280000,0,0,452
IN,453,2,92760580368625,0,0,453
IN,454,2,92760580428333,0,0,454
IN,455,2,92760580529750,0,0,455
IN,456,2,92760580606500,0,0,456
IN,457,2,92760580757375,0,0,457
IN,458,2,92760580827333,0,0,458
IN,459,2,92760581058958,0,0,459
IN,460,2,92760581171250,0,0,460
IN,461,2,92760581254166,0,0,461
IN,462,2,92760581322416,0,0,462
IN,463,2,92760581386708,0,0,463
IN,464,2,92760581449833,0,0,464
IN,465,2,92760581512250,0,0,465
IN,466,2,92760581572708,0,0,466
IN,467,1,92760581631916,0,0,467
IN,468,2,92760581690833,0,0,468
IN,469,2,92760581765333,0,0,469
IN,470,2,92760581825375,0,0,470
IN,471,1,92760581884333,0,0,471
IN,472,2,92760581949083,0,0,472
IN,473,2,92760582022916,0,0,473
IN,474,2,92760582081541,0,0,474
IN,475,2,92760582139583,0,0,475
IN,476,2,92760582204125,0,0,476
IN,477,1,92760582277458,0,0,477
IN,478,2,92760582336291,0,0,478
IN,479,2,92760582399500,0,0,479
IN,480,0,92760582455375,0,0,480
IN,481,2,92760582527625,0,0,481
IN,482,2,92760582592666,0,0,482
OUT,281,2,92760539711750,92760576125625,0,182
IN,483,2,92760582648791,0,0,483
IN,484,2,92760582765333,0,0,484
OUT,282,2,92760540001500,92760582798958,0,183
IN,485,1,92760582868500,0,0,485
OUT,283,2,92760540200041,92760582945958,0,184
IN,486,2,92760583035500,0,0,486
IN,487,2,92760583169583,0,0,487
IN,488,2,92760583226000,0,0,488
IN,489,2,92760583280250,0,0,489
IN,490,2,92760583335583,0,0,490
IN,491,0,92760583388791,0,0,491
IN,492,2,92760583445791,0,0,492
IN,493,0,92760583500250,0,0,493
IN,494,2,92760583554125,0,0,494
IN,495,2,92760583608458,0,0,495
IN,496,2,92760583667875,0,0,496
IN,497,2,92760583721458,0,0,497
IN,498,2,92760583775041,0,0,498
IN,499,2,92760583834583,0,0,499
IN,500,2,92760583888583,0,0,500
OUT,284,2,92760540459041,92760583102875,0,185
OUT,285,2,92760540835291,92760584007791,0,186
OUT,286,1,92760542635750,92760584068000,0,187
OUT,287,2,92760542881083,92760584123583,0,188
OUT,288,2,92760543209375,92760584178250,0,189
OUT,289,2,92760543503958,92760584233750,0,190
OUT,290,2,92760543755500,92760584288500,0,191
OUT,291,1,92760543987583,92760584343416,0,192
OUT,292,2,92760544600500,92760584400416,0,193
OUT,293,2,92760544736333,92760584499083,0,194
OUT,294,2,92760544981333,92760584554291,0,195
OUT,295,2,92760545094166,92760584610583,0,196
OUT,296,2,92760545248583,92760584683166,0,197
OUT,297,2,92760545420416,92760584735666,0,198
OUT,298,2,92760545698250,92760584788541,0,199
OUT,299,2,92760545973041,92760584856833,0,200
OUT,300,2,92760546087833,92760584910541,0,201
OUT,301,2,92760546210541,92760584970458,0,202
OUT,302,1,92760546438791,92760585024500,0,203
OUT,303,2,92760546531875,92760585078625,0,204
OUT,304,2,92760546913583,92760585132208,0,205
OUT,305,2,92760547128791,92760585322833,0,206
OUT,306,0,92760547307041,92760585400333,0,207
OUT,307,2,92760547654625,92760585463291,0,208
OUT,308,2,92760547841875,92760585519666,0,209
OUT,309,0,92760548178208,92760585576000,0,210
OUT,310,2,92760548292875,92760585647333,0,211
OUT,311,2,92760548521625,92760585701166,0,212
OUT,312,2,92760548829375,92760585755625,0,213
OUT,313,2,92760548986750,92760585809750,0,214
OUT,314,2,92760549258833,92760585881958,0,215
OUT,315,2,92760549510958,92760585934916,0,216
OUT,316,2,92760549763750,92760585988083,0,217
OUT,317,2,92760549991666,92760586044208,0,218
OUT,318,2,92760550196541,92760586099250,0,219
OUT,319,2,92760550277250,92760586169333,0,220
OUT,320,2,92760550380333,92760586222416,0,221
OUT,321,0,92760550621708,92760586275375,0,222
OUT,322,2,92760550909875,92760586327958,0,223
OUT,323,2,92760551200250,92760586396708,0,224
OUT,324,2,92760551339916,92760586450041,0,225
OUT,325,1,92760551601541,92760586502208,0,226
OUT,326,2,92760551717500,92760586556250,0,227
OUT,327,2,92760552146916,92760586607458,0,228
OUT,328,2,92760552344583,92760586658791,0,229
OUT,329,2,92760552452083,92760586710583,0,230
OUT,330,0,92760552556250,92760586762708,0,231
OUT,331,2,92760552803708,92760586815208,0,232
OUT,332,2,92760553339583,92760586936083,0,233
OUT,333,2,92760553558083,92760587030583,0,234
OUT,334,2,92760553760458,92760587148875,0,235
OUT,335,2,92760553867291,92760587245541,0,236
OUT,336,2,92760553973166,92760587337333,0,237
OUT,337,2,92760554381500,92760587409000,0,238
OUT,338,2,92760554830750,92760587507125,0,239
OUT,339,2,92760554995625,92760587582291,0,240
OUT,340,2,92760556192208,92760587645708,0,241
OUT,341,2,92760556315833,92760587777708,0,242
OUT,342,2,92760556612666,92760587836541,0,243
OUT,343,2,92760556920375,92760587888666,0,244
OUT,344,2,92760557041416,92760587940375,0,245
OUT,345,2,92760557349750,92760587992916,0,246
OUT,346,2,92760557457916,92760588045416,0,247
OUT,347,2,92760557735750,92760588097333,0,248
OUT,348,1,92760557982166,92760588168333,0,249
OUT,349,2,92760558065875,92760588221625,0,250
OUT,350,1,92760558232916,92760588274041,0,251
OUT,351,2,92760558469583,92760588326500,0,252
OUT,352,2,92760558570416,92760588394125,0,253
OUT,353,2,92760558825041,92760588446333,0,254
OUT,354,2,92760558911541,92760588499125,0,255
OUT,355,2,92760558994083,92760588557333,0,256
OUT,356,2,92760559083833,92760588613166,0,257
OUT,357,2,92760559165666,92760588668750,0,258
OUT,358,2,92760559244250,92760588722791,0,259
OUT,359,2,92760559321208,92760588778750,0,260
OUT,360,1,92760559479333,92760588839166,0,261
OUT,361,1,92760559621500,92760588892333,0,262
OUT,362,2,92760559840000,92760588944875,0,263
OUT,363,2,92760560027708,92760588998125,0,264
OUT,364,2,92760560142666,92760589050791,0,265
OUT,365,1,92760560220083,92760589410750,0,266
OUT,366,2,92760560295875,92760589690333,0,267
OUT,367,2,92760560370291,92760589774541,0,268
OUT,368,2,92760560444125,92760589855458,0,269
OUT,369,2,92760560522916,92760589911583,0,270
OUT,370,2,92760560597375,92760589981041,0,271
OUT,371,1,92760560804875,92760590037708,0,272
OUT,372,1,92760560885083,92760590090416,0,273
OUT,373,2,92760560983375,92760590147000,0,274
OUT,374,2,92760561070041,92760590198750,0,275
OUT,375,2,92760561145625,92760590250333,0,276
OUT,376,2,92760562788250,92760590305166,0,277
OUT,377,2,92760562894541,92760590358375,0,278
OUT,378,2,92760562972458,92760590410416,0,279
OUT,379,0,92760563425833,92760590464125,0,280
OUT,380,2,92760563519208,92760590519916,0,281
OUT,381,2,92760563594000,92760590571041,0,282
OUT,382,2,92760563666125,92760590660625,0,283
OUT,383,1,92760563734333,92760590715333,0,284
OUT,384,2,92760563826791,92760590774458,0,285
OUT,385,2,92760564173208,92760590828708,0,286
OUT,386,1,92760564271875,92760590887375,0,287
OUT,387,2,92760564353666,92760590942083,0,288
OUT,388,2,92760564447458,92760590998666,0,289
OUT,389,1,92760564523750,92760591056125,0,290
OUT,390,2,92760564686250,92760591108958,0,291
OUT,391,2,92760564843083,92760591164583,0,292
OUT,392,2,92760564950958,92760591216708,0,293
OUT,393,2,92760565023000,92760591268625,0,294
OUT,394,2,92760565089208,92760591328375,0,295
OUT,395,2,92760565155000,92760591380208,0,296
OUT,396,2,92760565223000,92760591432083,0,297
OUT,397,2,92760565285291,92760591502583,0,298
OUT,398,1,92760565348791,92760591555333,0,299
OUT,399,2,92760565417458,92760591606833,0,300
OUT,400,2,92760565499041,92760591664708,0,301
OUT,401,1,92760565564583,92760591737333,0,302
OUT,402,2,92760565633541,92760591790416,0,303
OUT,403,2,92760565703125,92760591844708,0,304
OUT,404,0,92760565793166,92760591898791,0,305
OUT,405,2,92760565858666,92760592050375,0,306
OUT,406,2,92760565979833,92760592255291,0,307
OUT,407,2,92760566052750,92760592331125,0,308
OUT,408,2,92760566117208,92760592389250,0,309
OUT,409,2,92760566194125,92760592463875,0,310
OUT,410,2,92760566393666,92760592518416,0,311
OUT,411,2,92760566472250,92760592573500,0,312
OUT,412,0,92760566552791,92760592648875,0,313
OUT,413,2,92760566615541,92760592705791,0,314
OUT,414,0,92760566679041,92760592787125,0,315
OUT,415,2,92760566745250,92760592865625,0,316
OUT,416,2,92760566825916,92760592924666,0,317
OUT,417,1,92760566889583,92760592981541,0,318
OUT,418,1,92760566953625,92760593064291,0,319
OUT,419,1,92760567031541,92760593117416,0,320
OUT,420,2,92760567099625,92760593260916,0,321
OUT,421,1,92760567164166,92760593438208,0,322
OUT,422,2,92760567226333,92760593969333,0,323
OUT,423,2,92760567288125,92760594136083,0,324
OUT,424,2,92760567350291,92760594222166,0,325
OUT,425,2,92760567430000,92760594285875,0,326
OUT,426,1,92760567493416,92760594366250,0,327
OUT,427,1,92760567556458,92760594424291,0,328
OUT,428,2,92760567634250,92760594478583,0,329
OUT,429,2,92760567696083,92760594536916,0,330
OUT,430,1,92760567771916,92760594730083,0,331
OUT,431,2,92760567837041,92760594957666,0,332
OUT,432,2,92760567915458,92760595102625,0,333
OUT,433,2,92760567981791,92760595245416,0,334
OUT,434,2,92760569381625,92760595911958,0,335
OUT,435,0,92760569478583,92760595984916,0,336
OUT,436,1,92760570099375,92760596041166,0,337
OUT,437,2,92760571058875,92760596099041,0,338
OUT,438,1,92760571223416,92760596152583,0,339
OUT,439,2,92760571518125,92760596207958,0,340
OUT,440,2,92760571609750,92760596261041,0,341
OUT,441,2,92760571685000,92760596316708,0,342
OUT,442,2,92760571767750,92760596374541,0,343
OUT,443,2,92760571898583,92760596433375,0,344
OUT,444,2,92760571981458,92760596491916,0,345
OUT,445,2,92760572066958,92760596546000,0,346
OUT,446,2,92760572131666,92760596598500,0,347
OUT,447,2,92760572194500,92760596653750,0,348
OUT,448,2,92760572262875,92760596985750,0,349
OUT,449,2,92760572330291,92760597290458,0,350
OUT,450,1,92760572561375,92760597434833,0,351
OUT,451,2,92760572631291,92760597536125,0,352
OUT,452,2,92760572710750,92760597746958,0,353
OUT,453,2,92760572771291,92760597981625,0,354
OUT,454,2,92760572832125,92760598155041,0,355
OUT,455,0,92760572892833,92760598308041,0,356
OUT,456,0,92760572967166,92760598495958,0,357
OUT,457,2,92760573025583,92760598663541,0,358
OUT,458,2,92760573085166,92760598987958,0,359
OUT,459,2,92760573144958,92760599065208,0,360
OUT,460,2,92760573221833,92760599126791,0,361
OUT,461,2,92760573283541,92760599181083,0,362
OUT,462,1,92760573343166,92760599234375,0,363
OUT,463,2,92760573407875,92760599288416,0,364
OUT,464,2,92760573483625,92760599342458,0,365
OUT,465,2,92760573544750,92760599399250,0,366
OUT,466,1,92760573606083,92760599457166,0,367
OUT,467,1,92760573667708,92760599579250,0,368
OUT,468,2,92760573742625,92760599737166,0,369
OUT,469,2,92760573803125,92760599912208,0,370
OUT,470,2,92760573863500,92760600143458,0,371
OUT,471,2,92760573923791,92760600367875,0,372
OUT,472,2,92760574043458,92760600729458,0,373
OUT,473,2,92760574105208,92760600866166,0,374
OUT,474,0,92760574164875,92760600947333,0,375
OUT,475,2,92760574223875,92760601079375,0,376
OUT,476,1,92760574297875,92760601280666,0,377
OUT,477,2,92760574357416,92760601439750,0,378
OUT,478,2,92760574414833,92760601583583,0,379
OUT,479,2,92760574474416,92760601738500,0,380
OUT,480,2,92760574548958,92760601895666,0,381
OUT,481,2,92760574607583,92760602033083,0,382
OUT,482,2,92760574667375,92760602170541,0,383
OUT,483,2,92760574727333,92760602291125,0,384
OUT,484,0,92760575048375,92760602420750,0,385
OUT,485,2,92760575183291,92760602617000,0,386
OUT,486,2,92760575272166,92760602761250,0,387
OUT,487,2,92760575338666,92760602934208,0,388
OUT,488,2,92760575702416,92760603166500,0,389
OUT,489,2,92760575881000,92760603353208,0,390
OUT,490,2,92760576247750,92760603584833,0,391
OUT,491,2,92760576354625,92760603757166,0,392
OUT,492,2,92760576426291,92760603877833,0,393
OUT,493,2,92760576490125,92760604253708,0,394
OUT,494,0,92760576552833,92760604611291,0,395
OUT,495,2,92760576631791,92760604819250,0,396
OUT,496,2,92760576693458,92760605000041,0,397
OUT,497,2,92760576754958,92760605163416,0,398
OUT,498,2,92760576818375,92760605292083,0,399
OUT,499,2,92760576897208,92760605432250,0,400
OUT,500,2,92760576960666,92760605602541,0,401
OUT,501,1,92760577021750,92760605797625,0,402
OUT,502,2,92760577083625,92760605948166,0,403
OUT,503,2,92760577158708,92760606096333,0,404
OUT,504,2,92760577218916,92760606218666,0,405
OUT,505,2,92760577278583,92760606354750,0,406
OUT,506,0,92760577340708,92760606468375,0,407
OUT,507,2,92760577401500,92760606598375,0,408
OUT,508,2,92760577460750,92760606740625,0,409
OUT,509,2,92760577520875,92760606893833,0,410
OUT,510,2,92760577581375,92760607587833,0,411
OUT,511,0,92760577641958,92760607741083,0,412
OUT,512,2,92760577703208,92760607901583,0,413
OUT,513,1,92760577780791,92760608032375,0,414
OUT,514,2,92760577876708,92760608150416,0,415
OUT,515,2,92760577973916,92760608267625,0,416
OUT,516,2,92760578047000,92760608385208,0,417
OUT,517,2,92760578111250,92760608512916,0,418
OUT,518,0,92760578176166,92760608656416,0,419
OUT,519,2,92760578238833,92760608865166,0,420
OUT,520,2,92760578313916,92760608940583,0,421
OUT,521,2,92760578371958,92760609479000,0,422
OUT,522,2,92760578434375,92760610025791,0,423
OUT,523,2,92760578494125,92760610106875,0,424
OUT,524,2,92760578550833,92760610162541,0,425
OUT,525,2,92760578610541,92760610214125,0,426
OUT,526,2,92760578677458,92760610265416,0,427
OUT,527,2,92760578737916,92760610314000,0,428
OUT,528,2,92760578799000,92760610361083,0,429
OUT,529,2,92760578860166,92760610407833,0,430
OUT,530,2,92760578918833,92760610466458,0,431
OUT,531,2,92760578981125,92760610516333,0,432
OUT,532,2,92760579042333,92760610565000,0,433
OUT,533,2,92760579104791,92760610698750,0,434
OUT,534,0,92760579180541,92760610881541,0,435
OUT,535,2,92760579241041,92760610950833,0,436
OUT,536,2,92760579301875,92760611011083,0,437
OUT,537,2,92760579377375,92760611059333,0,438
OUT,538,2,92760579443041,92760611106875,0,439
OUT,539,2,92760579505416,92760611163208,0,440
OUT,540,2,92760579566000,92760611214958,0,441
OUT,541,2,92760579640333,92760611265500,0,442
OUT,542,2,92760579701708,92760611518916,0,443
OUT,543,2,92760579766166,92760611860083,0,444
OUT,544,2,92760579828000,92760612185458,0,445
OUT,545,0,92760579905875,92760612370791,0,446
OUT,546,0,92760579965500,92760612530208,0,447
OUT,547,0,92760580025458,92760612669416,0,448
OUT,548,2,92760580086291,92760612803958,0,449
OUT,549,2,92760580161375,92760612951583,0,450
OUT,550,2,92760580220333,92760613054750,0,451
OUT,551,0,92760580280000,92760613115000,0,452
OUT,552,2,92760580368625,92760613242375,0,453
OUT,553,2,92760580428333,92760613311958,0,454
OUT,554,2,92760580529750,92760613365958,0,455
OUT,555,2,92760580606500,92760613440625,0,456
OUT,556,2,92760580757375,92760613498291,0,457
OUT,557,2,92760580827333,92760613556083,0,458
OUT,558,2,92760581058958,92760613616875,0,459
OUT,559,2,92760581171250,92760613667583,0,460
OUT,560,2,92760581254166,92760613718458,0,461
OUT,561,2,92760581322416,92760613917666,0,462
OUT,562,2,92760581386708,92760614141708,0,463
OUT,563,2,92760581449833,92760614225916,0,464
OUT,564,2,92760581512250,92760614297208,0,465
OUT,565,2,92760581572708,92760614364375,0,466
OUT,566,1,92760581631916,92760614414916,0,467
OUT,567,2,92760581690833,92760614466041,0,468
OUT,568,2,92760581765333,92760614528083,0,469
OUT,569,2,92760581825375,92760614580333,0,470
OUT,570,1,92760581884333,92760614906416,0,471
OUT,571,2,92760581949083,92760615198000,0,472
OUT,572,2,92760582022916,92760615421375,0,473
OUT,573,2,92760582081541,92760615569166,0,474
OUT,574,2,92760582139583,92760615698625,0,475
OUT,575,2,92760582204125,92760615834000,0,476
OUT,576,1,92760582277458,92760615962666,0,477
OUT,577,2,92760582336291,92760616085333,0,478
OUT,578,2,92760582399500,92760616225375,0,479
OUT,579,0,92760582455375,92760616286916,0,480
OUT,580,2,92760582527625,92760616341458,0,481
OUT,581,2,92760582592666,92760616513875,0,482
OUT,582,2,92760582648791,92760616753666,0,483
OUT,583,2,92760582765333,92760616956125,0,484
OUT,584,1,92760582868500,92760617127958,0,485
OUT,585,2,92760583035500,92760617261791,0,486
OUT,586,2,92760583169583,92760617590750,0,487
OUT,587,2,92760583226000,92760617652583,0,488
OUT,588,2,92760583280250,92760617707958,0,489
OUT,589,2,92760583335583,92760617762458,0,490
OUT,590,0,92760583388791,92760617819708,0,491
OUT,591,2,92760583445791,92760617945291,0,492
OUT,592,0,92760583500250,92760618159333,0,493
OUT,593,2,92760583554125,92760618319625,0,494
OUT,594,2,92760583608458,92760618459583,0,495
OUT,595,2,92760583667875,92760618587916,0,496
OUT,596,2,92760583721458,92760618714666,0,497
OUT,597,2,92760583775041,92760618836291,0,498
OUT,598,2,92760583834583,92760618966166,0,499
OUT,599,2,92760583888583,92760619087625,0,500
